% Model,Janik_2021_2m_modulo13_250Hz_9n_15stopni_5potega_out.mph
% Version,COMSOL 5.3.0.316
% Date,"Jul 1 2021, 15:36"
% Dimension,3
% Nodes,199
% Expressions,15
% Description,
% Length unit,m
% X,Y,Z,abs(acpr.p_s)^2 (kg^2/(m^2*s^4)) @ freq=100,abs(acpr.p_s)^2 (kg^2/(m^2*s^4)) @ freq=125,abs(acpr.p_s)^2 (kg^2/(m^2*s^4)) @ freq=160,abs(acpr.p_s)^2 (kg^2/(m^2*s^4)) @ freq=200,abs(acpr.p_s)^2 (kg^2/(m^2*s^4)) @ freq=250,abs(acpr.p_s)^2 (kg^2/(m^2*s^4)) @ freq=315,abs(acpr.p_s)^2 (kg^2/(m^2*s^4)) @ freq=400,abs(acpr.p_s)^2 (kg^2/(m^2*s^4)) @ freq=500,abs(acpr.p_s)^2 (kg^2/(m^2*s^4)) @ freq=630,abs(acpr.p_s)^2 (kg^2/(m^2*s^4)) @ freq=800,abs(acpr.p_s)^2 (kg^2/(m^2*s^4)) @ freq=1000,abs(acpr.p_s)^2 (kg^2/(m^2*s^4)) @ freq=1250,abs(acpr.p_s)^2 (kg^2/(m^2*s^4)) @ freq=1600,abs(acpr.p_s)^2 (kg^2/(m^2*s^4)) @ freq=2000,abs(acpr.p_s)^2 (kg^2/(m^2*s^4)) @ freq=2500
-0.031731885182506074,1.2633527865964795E-16,1.9997479041783335,0.24078064108992006,0.2909238273563384,0.134979128118505,0.05812821807643803,0.18994493378727537,0.3225992633052613,0.02738707716957911,0.29683585315640076,1.6949460859873635,0.02348286965847253,0.16284189316657594,0.09846466227129112,1.4015780138447227,2.2307854250626,1.2984167649403018
1.2246467991473532E-16,0,2,0.24294045512349363,0.2997468232079832,0.14615751150121337,0.05365785470945768,0.17459305597741573,0.30949184817503694,0.014600054394019716,0.18587640012932594,1.5143006548257736,0.014800160839295914,0.23804664218527297,0.06616511370843181,1.66171928437443,2.56462455450704,1.0299373950187656
-0.06345575780017926,1.301740469967611E-16,1.9989920034778494,0.23842964812967243,0.2819163848778303,0.12361392077440152,0.06330915931902516,0.20642140778361484,0.33730888402320514,0.04488083709364788,0.43495988210154257,1.8533084721378454,0.04304534192712281,0.1007361829752309,0.12519022055108042,1.0956327759627613,1.7323565896459372,1.4745449134013544
-0.09516365364330698,1.3398004511542613E-16,1.9977328780453238,0.2358876958376805,0.27273661763157864,0.11215486682651553,0.06924949734713733,0.22405428883904338,0.3536130234722481,0.06707432180495877,0.5969765827754928,1.981612268438205,0.06997265773779553,0.06150667034285028,0.13713568344844074,0.8288149587537598,1.1623818285782317,1.4858403276709824
-0.1268476085021749,1.3775233320499416E-16,1.9959711080275322,0.23315733252640486,0.26340031785228873,0.10070487492902483,0.07600104648111447,0.24287448785727303,0.37149722992143575,0.09372178029406968,0.7784306496996175,2.0734165331069923,0.10030128599894046,0.051667698810835376,0.1325189578403717,0.6512866990753061,0.6214997289420094,1.3004557208904195
-0.15849965816707048,1.4148997145481658E-16,1.9937072735712489,0.2302431661713587,0.253926736323278,0.0893755649622021,0.08361360835962163,0.26290817111357717,0.39092562643057766,0.124329120439924,0.9739392660048701,2.123995182305609,0.13044513399141405,0.07295124690336498,0.11557402476682921,0.5629137551363506,0.21257506749719202,0.9605548358244104
-0.19011183842827925,1.4519202005424445E-16,1.9909419548232496,0.22715198699851485,0.24433823149133008,0.07828631931715428,0.09213636064095729,0.2841813690418837,0.41184857398996805,0.15815816548351275,1.1774733584031143,2.1306238004623363,0.15794788264835513,0.12170688924814246,0.0939019456429274,0.5218337590068762,0.017356182144151504,0.5777753754073474
-0.2216761850760888,1.4885753919262908E-16,1.9876757319303093,0.22389340944965214,0.23465956980825142,0.0675625758445028,0.10161977421327194,0.3067142929254944,0.43419919027413084,0.1942483800656662,1.3826910171506648,2.0927331476510416,0.18203921179051935,0.18944807145050213,0.07545487558770343,0.47206762643503103,0.058417255787901724,0.27510165614367693
-0.2531847339007851,1.5248558905932172E-16,1.9839091850392023,0.22047948686018662,0.22491801134316072,0.05733577299176118,0.11211413493954002,0.3305216643273714,0.4578857906522848,0.23145599245360232,1.5832787228446032,2.0119325249512463,0.20388125659333214,0.26449551225127144,0.06602457417206013,0.37631187898033974,0.27551436136222984,0.11305654044446313
-0.2846295206926543,1.5607522984367354E-16,1.979642894296705,0.2169234718540034,0.21514244802489377,0.047739500286561286,0.12367022436211235,0.35561616167198284,0.4827992228569564,0.2685059916238686,1.7732734236611212,1.8918856243819653,0.22645183036163177,0.334393411594341,0.06793555866446523,0.2374590950115979,0.5435493114635364,0.06852188665644506
-0.3160025576017635,1.5962552419982484E-16,1.9748775273830925,0.2132399417200505,0.2053620031368535,0.03891025844063787,0.13633668110453367,0.38200724851151713,0.5088088482306304,0.30405945843237875,1.9473418258544626,1.738078368612658,0.2540603100014383,0.38855157008142044,0.08018488383250666,0.09799741119031151,0.7300298019057614,0.08549651980164037
-0.34729593510170215,1.631355892430971E-16,1.969614484750178,0.20943476796243465,0.1955972744859257,0.03098331663119232,0.1501572965047985,0.4096783764202433,0.535742898440305,0.33678097076472796,2.100941738230755,1.5574403315001053,0.2915555555768191,0.42048052681354703,0.0997133229774236,0.01764256967345798,0.7582503009385433,0.13790711820380033
-0.3785018621529071,1.6660457829762256E-16,1.9638555212108384,0.20551014905397763,0.18586602736709049,0.024093922887070237,0.1651701826461097,0.43859837044317024,0.5634034569595622,0.3654218118505907,2.2305052555081035,1.357994860829434,0.34336058835876393,0.4291015225638788,0.12305519921595694,0.040660761716105186,0.6361480480060329,0.23727331392145606
-0.4096125494529669,1.7003164501870596E-16,1.9576023935121023,0.20147085201018855,0.17618857211266828,0.018376632844695248,0.18140935596150295,0.4687283746875108,0.5915769407687218,0.38891007488050633,2.3335643609555192,1.1484437921904729,0.41247847422177447,0.4188110052586141,0.1475227853863876,0.16985018155867704,0.43571609357097313,0.38966819752095067
-0.4406202076994737,1.7341594306165243E-16,1.9508568584009982,0.19732383199748774,0.16658740478706113,0.013963186775807948,0.1989064327807697,0.5000174975692231,0.6200312156581412,0.40643484380014067,2.408790678557324,0.937692703111017,0.49963720451283805,0.3982746199712473,0.17140824160594378,0.3612559841670846,0.24264415576472143,0.5582226141443011
-0.47151704759001517,1.7675662608176664E-16,1.9436206726245557,0.19307852468640319,0.157086615853317,0.01098152317502881,0.217688411728717,0.5324069803667871,0.6485225104301415,0.41751778242838833,2.4559563044193196,0.7343738502385574,0.6027305503828941,0.3782504362174511,0.19329650247599442,0.5431808728115545,0.11228568649688125,0.6705592994719455
-0.5022952798221828,1.8005284773435363E-16,1.9358955929298034,0.18874554064492818,0.1477115968571052,0.009552918276116327,0.2377799095788547,0.5658305522680408,0.6768038126359227,0.42207243720477894,2.4758212579084433,0.5463947385065088,0.7166700982334234,0.3689627264587402,0.2111220138419777,0.6500504638436652,0.055655428572282825,0.6652254637156184
-0.5329471150935653,1.8330376167471808E-16,1.92768337606377,0.18433730471655152,0.13848825828292613,0.009790704728693726,0.25920149334474946,0.6002126002013243,0.7046251262838812,0.420451086021149,2.4700097648858255,0.38052042036207334,0.8336996560263635,0.37763116666415875,0.22175971565334587,0.6531302387836749,0.05276028911571233,0.5388181438458753
-0.5634647641017526,1.86508521558165E-16,1.9189857787734852,0.1798679443004577,0.12944238808216396,0.011799176402078244,0.2819698097857932,0.6354755260504111,0.7317448736803536,0.4134607066040842,2.440813872696507,0.24203632917533835,0.9441541176232293,0.40669711121142793,0.22160975171644764,0.571270064677625,0.07390765699813867,0.3519843277199858
-0.5938404351967896,1.896662808055637E-16,1.909804558672445,0.17535227362431197,0.12059951398525029,0.01567194614393213,0.30609970849748847,0.6715345850177973,0.7579342932467634,0.4023542715195226,2.390994539818394,0.13449452524001945,1.0375712878165817,0.4531060422614323,0.20801476816233036,0.4559729983521641,0.09343523251397727,0.1869524899218667
-0.6240663539114013,1.9277621415617542E-16,1.900141787164547,0.17080269911490778,0.1119822379603902,0.021490514320767727,0.33159630233439147,0.7082873035115815,0.7829643190079978,0.3887955066840388,2.3235706433917143,0.05955893946160892,1.103990218955188,0.508761547515441,0.18081245408579524,0.36007854676475587,0.09490246296041682,0.09671738532538596
-0.6541350241841024,1.9583757701278684E-16,1.8900002961774476,0.16622373695602,0.10360645524975191,0.029322031595918084,0.3584429031067843,0.745595346851087,0.8065930753672409,0.37478957619629505,2.2415850521195,0.016971529834434177,1.135256446344887,0.562032258397602,0.14319397396650607,0.3090345711584263,0.07470870097744962,0.08636470330252614
-0.684039023912503,1.988496406946762E-16,1.8793830296566483,0.16162004969145813,0.09548787107328523,0.039218320929863465,0.3866117468287719,0.7833044557797444,0.8285966701185923,0.36261682025743164,2.148026433403827,0.004642570076575864,1.1262062652245937,0.6000427039705267,0.10135684617888673,0.291701065263233,0.04590601712327804,0.12443967840077488
-0.7137709309942188,2.0181167652112253E-16,1.8682929315476517,0.1569982795002842,0.08764271395102911,0.05121463511729309,0.41606304990962584,0.8212480249285256,0.8487750033664079,0.35473383876491765,2.045727373338705,0.01885419513863141,1.0754850725599723,0.6113048024329241,0.06298233927986283,0.27505732541653316,0.03554655543711496,0.1676738988504181
-0.7433233233268606,2.0472295581140427E-16,1.8567329457959607,0.15236662372806095,0.08008676555588234,0.06532899182763958,0.4467521935643815,0.8592589908126923,0.8669688972791497,0.353655887598994,1.9372601198606918,0.05458396362575685,0.9858838229244128,0.588213133156024,0.03508208937735175,0.23231818854766467,0.07041089107788709,0.1932786871983933
-0.7726887788080427,2.0758274988480036E-16,1.8447060163470774,0.14773364906322728,0.07283580838127125,0.08156016916531318,0.47862193970085687,0.8971602158102817,0.8830470996008174,0.36182680618951213,1.8249092492245738,0.10593508803462995,0.8641359953509522,0.5289354799315518,0.021961095609622946,0.16622624235837707,0.15745530424451934,0.21439846682291933
-0.8018598753353767,2.1039033006058924E-16,1.832215087146504,0.14310977003435124,0.06590444314021829,0.09988903549121354,0.5116058302815975,0.9347758162692194,0.8969184483024392,0.38148719761146127,1.7106067643816938,0.16664219557073195,0.7201949804108703,0.4382993504424839,0.023953324658589667,0.11302419131848541,0.27384440388596354,0.24913932375985517
-0.830829190806476,2.131449676580497E-16,1.8192631021397436,0.13850641896420546,0.05930577814302867,0.12027780128812743,0.5456331415061195,0.9719286334823265,0.908535527365004,0.414546445372141,1.5959438978101967,0.2306141218699785,0.5660914239624674,0.32742795158574634,0.037322083890056326,0.12451098201780848,0.3763434205902936,0.2768528579334804
-0.8595893031189534,2.158459339964605E-16,1.8058530052722988,0.13393554725527135,0.05305143255861185,0.14266968945873895,0.5806218572891646,1.0084390816434035,0.9178822515012788,0.4624688090237712,1.4821867327007634,0.2924624156349957,0.41453017548832366,0.2120971069847016,0.05540379844259356,0.23798914153046183,0.42474000025248043,0.24981827771416634
-0.8881327881226682,2.1849250024110885E-16,1.7919877420703085,0.12941000421802865,0.047151179848102895,0.16699169859805602,0.6164845981544872,1.0441375089091167,0.9249879728475037,0.5261787316730319,1.3702912583571327,0.34796467665339526,0.27742404995976727,0.11004939353582348,0.07074198733112941,0.45028547851094114,0.40271972482279206,0.1535714718814336
-0.9164522896296973,2.2108396590019769E-16,1.777670585010417,0.12493974448214794,0.041611750847646276,0.19315013856003696,0.6531155785985425,1.0788407246928593,0.9299079747696288,0.6059822351252843,1.2609208390511588,0.39440166359108364,0.16456958793854742,0.03775977340862252,0.07760545874003764,0.7100743801693222,0.32248117191634507,0.04153285020027706
-0.9445408581937144,2.236197247000221E-16,1.7629055317842866,0.12052820062758701,0.0364357403635639,0.2210253349247116,0.6903695864322276,1.1123201032710501,0.9326937520077873,0.701503633426606,1.1544628403857395,0.4307261959978053,0.08264616900510145,0.007316877815358116,0.07400035788696939,0.9340707923760584,0.21346711177391844,0.0012725289944938106
-0.97239163957546,2.2609918799334485E-16,1.7476966775315104,0.1161787288799094,0.0316246344135846,0.25047606560965086,0.7280866542087686,1.1443388681607654,0.9334214375643339,0.811687065365987,1.0511283717574371,0.4575648314401522,0.03466080655447156,0.024102561185173937,0.06227065514782222,1.0411017840546692,0.10768009125451188,0.07410760679274829
-0.9999977795356718,2.2852176713292847E-16,1.7320481173916853,0.11189595164669001,0.027178926409023356,0.2813419485587088,0.7660900174709137,1.1746688841574322,0.9321954501945038,0.9348201426578405,0.951002527434409,0.4770189429842066,0.01986855784738575,0.08579649117300979,0.04782538931072294,0.9884140655939514,0.03283594852509191,0.196035146588732
-1.027352423835089,2.3088687347153576E-16,1.7159639465044054,0.10768533589835813,0.023097804370298014,0.3134445065270633,0.8041961697663266,1.2030894835571109,0.9291513475838702,1.0685924216244094,0.8540892256893147,0.49228316616326306,0.03416549080366183,0.18294376804472712,0.036410471234161634,0.7920129685765926,0.012352481116595045,0.24173155978283456
-1.0544487182344509,2.331939183619293E-16,1.6994482600092653,0.10355314473037215,0.019379018482544468,0.34659024573661873,0.8422147023875057,1.2293917974295985,0.9244477357960308,1.2101854316539464,0.760350772837298,0.5071238003459008,0.07086832533471725,0.3009303352633095,0.031239101039508308,0.5200401102642299,0.0618508431597277,0.15891687128289564
-1.0812798084944957,2.354423131568719E-16,1.6825051530458615,0.09950620347410861,0.01601891975072809,0.3805731298313006,0.8799496207775422,1.2533827461805926,0.9182647860492665,1.35638419443669,0.6697612696817519,0.5252792873389803,0.12174188618468314,0.42286149039966997,0.03161277444043924,0.26238178200267254,0.176815715835654,0.04334228391993188
-1.1078388403759631,2.3763146920912613E-16,1.665138720753787,0.09555152826067695,0.013012048172451166,0.41517528666463793,0.9171999761625668,1.2748898558576083,0.9108021524903567,1.5037137483881233,0.5823572672289583,0.5498616459174156,0.17810911310799885,0.5326401674716481,0.034018820524806447,0.09261455485658532,0.32061998816681475,0.05143182225930513
-1.134118959639591,2.397607978714547E-16,1.647353058272639,0.09169670756339982,0.010351360776629868,0.45017380883208574,0.9537656891772575,1.2937586636497076,0.9022651303519856,1.6485976456875577,0.4982906526297295,0.582838435348848,0.23188569663285594,0.6175447163718726,0.035281427338271255,0.04165294963549148,0.42978492582021466,0.2510630431912472
-1.160113312046119,2.418297104966204E-16,1.6291522607420112,0.08794894993034799,0.008028158544265983,0.4853401529183245,0.9894487855283259,1.3098528225486545,0.8928651255831569,1.7875100503819807,0.41787499681090695,0.6246720306003937,0.2764072609431204,0.6698072704686431,0.035966606421607296,0.09408701219516584,0.4435095563539835,0.5703322385188938
-1.1858150864722792,2.4383763358982743E-16,1.610540584527663,0.08431486082490042,0.006032142787331553,0.5204432098898598,1.0240464808523628,1.3230559320011435,0.8828164494737029,1.917101103070506,0.3416193512836375,0.6741634994883009,0.3069682317778838,0.6869987678889411,0.04183004457316988,0.20444276943523335,0.3436598484984156,0.8565917832966942
-1.2112179546893278,2.457840963870396E-16,1.591522997926928,0.08079558770655598,0.004351422808792529,0.5552251585989031,1.0573092715655739,1.3332094398136718,0.8722939370977697,2.0342575370992435,0.27024962914352535,0.7285133897432027,0.32103790725789544,0.6713469346001952,0.06206723763320936,0.32103985506061167,0.1770605509791265,0.9629491419106404
-1.2363158236136178,2.4766866868694337E-16,1.5721046613864784,0.07739133853513372,0.0029732588405129746,0.5894206743924109,1.0889753529438233,1.3401569024976694,0.8614538139670002,2.1362785902255537,0.20473656399885368,0.7836420513579554,0.3182063595090481,0.6283991803434175,0.10499343132196123,0.40487056036598357,0.0378193570456158,0.8298611475708939
-1.2611026006643766,2.494909203443122E-16,1.5522907352632083,0.07410295636749249,0.0018842639478857382,0.6227632961582025,1.1187852373513267,1.3437719848954621,0.8504487957107647,2.220985735867015,0.14627571359987074,0.8346959057027507,0.2999024568883085,0.5654416900088415,0.173387017029502,0.4376033346154979,0.013005059446807413,0.5462819583793781
-1.2855721932608304,2.5125042121391934E-16,1.5320863799140105,0.0709319454456423,0.0010704099641476396,0.6549937788959089,1.146492832638998,1.3439639821683194,0.8394332916571551,2.2867780910149116,0.09623280488789156,0.8766633200976678,0.2689631854280303,0.4900649820022109,0.2620142655540408,0.42008747121647566,0.12440398575339245,0.3065077838546017
-1.3097185088222059,2.5294674115053814E-16,1.5114967556957788,0.06788002065107468,5.171310117127779E-4,0.6858599028466745,1.1718600376926436,1.3406715510462266,0.8285487369503612,2.3326859069777193,0.056075877601515556,0.9050177986682126,0.22913556107139804,0.4091470154668668,0.3585842358203535,0.3662076304879608,0.3085601466934484,0.24314245084401256
-1.3335354547677307,2.545794500089422E-16,1.490527022965407,0.06494914260885826,2.094413655701425E-4,0.7151230940767798,1.1946714950788626,1.3338660034428766,0.8179290226870863,2.3583706647892746,0.027268085511303202,0.9162963226475075,0.18458404853794108,0.3283431237284792,0.44739833462367856,0.2963498814756415,0.4539668398737447,0.3103456941489437
-1.357016938516632,2.5614811764390467E-16,1.469182342079788,0.06214160204060055,1.3207517731220065E-4,0.7425625086754669,1.21472740817171,1.323559461165791,0.8076994393165163,2.364092515867296,0.011147961346410567,0.9085287885990934,0.13945206985473996,0.2520266783085492,0.5136069997759178,0.2323404618735339,0.4723054699467836,0.3660468126873874
-1.3801568674881355,2.57652313910199E-16,1.447467873395816,0.05945959734592203,2.697081644882888E-4,0.7679763478693906,1.231853418297523,1.3097936539142865,0.7979689321671313,2.3506627579295474,0.008799017222983896,0.8814564009436252,0.09750755877544182,0.18351656920429488,0.5461474651099957,0.1935730723165226,0.35436394329592724,0.32240504528681546
-1.4029491491014696,2.5909160866259854E-16,1.4253887772703837,0.056905230995495354,6.071861044182512E-4,0.7911873125669496,1.2459025624238598,1.2926458106767835,0.7888322293954064,2.319371506531259,0.020922628293580495,0.8365149278529519,0.06188008692242851,0.12538868455923916,0.5388553520410518,0.1931930586362705,0.17359377723450647,0.18650202375587538
-1.425387697645095,2.60465574554577E-16,1.4029502460281602,0.054480650185339694,0.001129766741033249,0.8120473831031723,1.2567567514872868,1.2722316652249195,0.7803772069674006,2.2718768048399887,0.0477270223561509,0.7765938064420547,0.034888169685668984,0.07967931333905498,0.4907228662542142,0.23408352032982688,0.039028582770136405,0.04686586120526633
-1.4474668113302998,2.617738624501932E-16,1.3801579814239466,0.052185003082533606,0.0018232794850583654,0.830402642420473,1.2642800482784675,1.2486543908698022,0.7726490177319584,2.2100342822260584,0.08884135993786803,0.7056063772181488,0.017946763747535538,0.04785819853548538,0.40656929674599296,0.3063145853174562,0.0309883091632935,0.05051206381136704
-1.4691812978243293,2.6301620911423914E-16,1.3570180691660656,0.05001561955815564,0.002674243233305869,0.8461032983061355,1.2683261930533085,1.2220108611320029,0.7656516447032438,2.135793783937991,0.14326210870385975,0.6279841446031057,0.011549172430894468,0.030559088646695622,0.29829644891416096,0.38869907506555545,0.15743043714583785,0.25999191424710194
-1.4905259967702893,2.641923556482365E-16,1.3335366018352879,0.047969978871851046,0.0036700129569438946,0.8590242616767295,1.2687831369050375,1.1924295897211523,0.7593742146924736,2.051191076021878,0.2093468742404216,0.548175232298198,0.015312290952522494,0.027171467234383843,0.1852629771655859,0.4553209956094133,0.3521612033736082,0.5118795755928419
-1.511495747811287,2.653020431537074E-16,1.309719672012389,0.046045914076293736,0.004798851507297809,0.8690739658363954,1.265576588664451,1.1600765842061032,0.7537922565669235,1.958248828849354,0.28485903055277817,0.47019213358934203,0.02808158866839682,0.03550136699192173,0.09175496745083757,0.48425458259256093,0.5134424525246518,0.5716708234090868
-1.5320853905904275,2.6634501273217364E-16,1.2855733722781395,0.04424162765201398,0.006050100028556081,0.8761943901122611,1.2586675562575325,1.125151603532455,0.7488656558433364,1.8589183667860012,0.36706240031089393,0.3972888040330008,0.04809199828358815,0.05174223787112202,0.04085987032060316,0.4639063365098266,0.5609671414981426,0.41786893977637374
-1.5522897647508196,2.673210054851572E-16,1.261103795213315,0.042555703521050356,0.007414427870342712,0.8803664590918295,1.2480633656611202,1.0878858279649342,0.7445388066397504,1.755017406555206,0.45286222381701785,0.33181011111322084,0.07317405276657978,0.07091526926146782,0.046540421269674476,0.3947857345357931,0.4778256131551071,0.2147657116195152
-1.572103709935568,2.682297625141799E-16,1.2363170333986866,0.040986840101440325,0.00888395689218329,0.8816066233892782,1.2338120089517133,1.048537706027364,0.7407398797176392,1.6481862864476196,0.538982910521182,0.27521352404899546,0.10098756045140088,0.08776819151420778,0.1076391698340123,0.2886704721699463,0.31240611713763783,0.07788107984759479
-1.5915220657877804,2.6907102492076377E-16,1.2112191794150284,0.03953373860408719,0.010452443263294952,0.8799681265584135,1.2160030873382346,1.0073885421424178,0.7373791313919388,1.5398751625880025,0.6221652202608154,0.22823128936661286,0.12925892708549344,0.09791835200413337,0.20731728437708535,0.16790202028669615,0.1427768469623329,0.03131131156650197
-1.6105396719505627,2.698445338064306E-16,1.185816325843113,0.03819547574760377,0.012115496815803444,0.8755479775248349,1.1947689288109369,0.9647393426692715,0.7343464363490605,1.4313512793756478,0.699362381127759,0.19111270400745997,0.1559943121945467,0.09887867428099027,0.31885424749457797,0.06369876263747876,0.03171451114984129,0.07797629101399063
-1.629151367977291,2.7055003029246665E-16,1.1601145657659484,0.036971149252701056,0.013870771869769524,0.8684780843540213,1.1702823043896617,0.9209042159650487,0.7315159315312462,1.3237068031075252,0.7679355512409782,0.1638781768069188,0.17964575172960578,0.09059744517201541,0.4153097264950991,0.009101059982355756,0.0013090627907999222,0.16060927827270507
-1.647352185543212,2.7118729342519897E-16,1.134120227385725,0.035859179592622865,0.015717616920567234,0.85891288416892,1.142733990937734,0.8761932849525139,0.7287345502223621,1.2178670576988495,0.8258006683524096,0.14651302923451995,0.19920748653371678,0.07529954217857718,0.4784742518904355,0.025453565004725034,0.034819485953988864,0.17952561834482494
-1.6651378682582734,2.7175621900760075E-16,1.107840121815962,0.03485581829853572,0.01765629004589437,0.8469979326252922,1.1122975236200547,0.8308804502835069,0.7257999147086879,1.1145984708178134,0.8715208939412579,0.13905307211058038,0.2142339738118086,0.05668775364290867,0.5031759542544084,0.10946626058547304,0.09439421319082132,0.13038834435612576
-1.6825043209828798,2.722567252308208E-16,1.0812811032959195,0.033957360021645545,0.019688617798246346,0.8329045974842456,1.0791759862096613,0.7852429006190611,0.7224931309773079,1.0145923991087853,0.9043994071753872,0.14154863911945792,0.22479618840285553,0.03882703442801026,0.4958901256991583,0.2316924908323364,0.1412095063039661,0.09466114988847553
-1.6994474485774362,2.7268873028600806E-16,1.0544500260648595,0.033160657458993874,0.021817961652221027,0.8168372593055592,1.0436080726080568,0.7395649027303819,0.7185842704321532,0.9185109199471483,0.9244945672244904,0.15390828510093607,0.23137635989483366,0.025148184828797247,0.4696483039305642,0.3502650170185551,0.1512604660463163,0.10399866923308994
-1.7159631559023483,2.730521523643114E-16,1.027353744362043,0.03246284882344373,0.024049467758458908,0.7990319627478288,1.0058706294401543,0.6941287433528558,0.713834873442762,0.8270135320160654,0.9325793578838442,0.17567436853890175,0.23472379267628182,0.017937456229235326,0.4386332355902022,0.43111640637659987,0.12303554004103795,0.1496713919826353
-1.7320473478180203,2.733469096568797E-16,0.9999991124267312,0.031861770899397346,0.02639001316071513,0.7797587517033475,0.9662720087679584,0.6492136867019708,0.7080076301937781,0.740742188930044,0.9300460414284062,0.20579935034126084,0.23569343985620184,0.018416751058788358,0.4148568378629979,0.46035828690530056,0.07407894126748511,0.24898903118803858
-1.7476959291848575,2.7357292035486173E-16,0.9723929844981849,0.031355461402271786,0.02884831088687489,0.7593092021983916,0.9251452573596873,0.6050916371893033,0.7008702052865097,0.6603156331036517,0.9187702802558142,0.24249562862130367,0.23509298763159203,0.027205820957565786,0.40705988710317254,0.44224304324960706,0.028689292597617544,0.3806703760387677
-1.7629048048632647,2.7373010264940645E-16,0.9445422148156651,0.030942399729593097,0.031434771002722586,0.7379990321527817,0.8828467311328928,0.5620196590843402,0.6921981519645339,0.5863243052147119,0.9009290327538659,0.28322273655578084,0.23355593323909438,0.0447545267424662,0.42035403245845215,0.3890825854965649,0.005304748107521325,0.4580428438529092
-1.777669879713647,2.7381837473166283E-16,0.9164536576184338,0.030621688380042106,0.0341616197710247,0.7161677971661189,0.8397506612195788,0.520234743518106,0.6817852081070974,0.5192983908898208,0.8788127861177919,0.32484539873344787,0.23145690964963594,0.07136420860255901,0.4553073724774299,0.31420766805499656,0.010874395919784475,0.44104301997736634
-1.791987058596409,2.7383765479277956E-16,0.8881341671457511,0.030392692250191873,0.03704310147900281,0.6941665336077285,0.7962408002182337,0.47995336356716795,0.6694535487177035,0.45966027650639285,0.8546382215839221,0.3639591933067832,0.22887895313215853,0.10667825058112065,0.506736132319385,0.23172776028937495,0.041930712851832246,0.37299007909883375
-1.805852343802119,2.7378787878452533E-16,0.8595906928294845,0.03025505700403265,0.040094695139793246,0.672352629295988,0.752702855985454,0.44136703452480475,0.6550555843043332,0.40768348761128176,0.8303558711873026,0.39734080876710276,0.22563070150253267,0.14888550558774963,0.5638006509443177,0.1575088610780216,0.08793306630400843,0.2980339990117128
-1.8192624628172087,2.7366909637532104E-16,0.8308305908436406,0.030206963908572096,0.04333075213603471,0.6510549636955698,0.7094864575112828,0.4046189450107703,0.6384599770054301,0.3634480217842154,0.8074795565218481,0.42243171170205773,0.22130845853826006,0.1941436881088615,0.6127175064190287,0.10561762097888654,0.13504967780357977,0.2370491104677925
-1.8322144701143994,2.7348140144024766E-16,0.8018612853391933,0.030246343852934253,0.04676567695806609,0.6305929688480686,0.6669297847004576,0.3698237332615483,0.6195817431293517,0.32682099681987137,0.7869997812601088,0.43779031560045045,0.2154069661180498,0.23674457255855025,0.6415914153278942,0.08233488204332294,0.1710214499717112,0.2121488110652601
-1.8447054217481875,2.732248879226579E-16,0.7726901984185293,0.030371462211794927,0.05041460722538054,0.6112889349610579,0.6253692989998217,0.33707907417279337,0.5984010651301087,0.2974381248688237,0.7693347342391806,0.4433947091167724,0.2074489056621298,0.270229387863714,0.644860323117353,0.08460861662047828,0.18961673795865563,0.228733360644891
-1.8567323737730714,2.7289964976590486E-16,0.7433247521840359,0.03058146106666113,0.05429334892566604,0.5934674294160237,0.5851391056830231,0.30645746725834927,0.5749711402567658,0.2746975132221972,0.7543222400012759,0.4407117675520082,0.1971100132177029,0.2891773164589416,0.6245404212333688,0.10500958201706345,0.1913788859800863,0.27446590920335123
-1.8682923822435484,2.725057809133414E-16,0.7137723687381003,0.030875754684586604,0.058418534312889576,0.5774478387264317,0.5465624561765149,0.27800990461996167,0.5494243003562879,0.25777181716066633,0.7412649493880422,0.43249640126854466,0.18432278903265956,0.29097520499862656,0.58734680192753,0.13731437229106658,0.1805646954772993,0.341679789682613
-1.879382503214116,2.720433753083205E-16,0.6840404701831092,0.031255001661407364,0.06280706501268303,0.5635417524773328,0.5099459491901711,0.25176850194865935,0.5219785314508372,0.24563820336566985,0.7290194612871987,0.4223325260574104,0.1693330919310154,0.27675795744820886,0.5396125256155281,0.1765351238255523,0.16210087592290856,0.400867691237046
-1.8899997927392718,2.7151252689419504E-16,0.6541364786214504,0.031720975708595216,0.06747641921292241,0.5520510396303421,0.4755764707017598,0.2277423704140864,0.4929403697270547,0.23713334170762507,0.7161304799397024,0.41398187580639073,0.15269822704376843,0.25099899576774093,0.48358994624049423,0.21521554975168544,0.1409944795144007,0.39689965524240456
-1.9001413068735136,2.709133296143179E-16,0.6240678161555102,0.03227676518927663,0.07244394339955415,0.5432636341732726,0.4437189353142239,0.2059210154939284,0.4627003783660917,0.231026489494871,0.7009935878580957,0.41065277754355983,0.13522083919367847,0.2198219030516463,0.4177895840336614,0.24334564240535392,0.12243406071288844,0.3248662679693189
-1.9098041016713383,2.702458774120421E-16,0.5938419048876762,0.032926688587277306,0.07772720910973784,0.5374476797907485,0.41460939734241103,0.18627737775813127,0.43173300941398096,0.22609889322906618,0.6820323104352768,0.4143205749991348,0.11782774276248843,0.188726873295405,0.3410101815847627,0.2544131063284329,0.11052930191106139,0.245898181337621
-1.9189845363732938,2.6951017507213545E-16,0.5634661044780447,0.03367754906300412,0.08334742881373014,0.534875777132976,0.38847572514132095,0.16877612439716735,0.4006063721623879,0.22124501596850987,0.6579025350336247,0.42525374515841174,0.10142227494183562,0.160757639291669,0.25683710100705587,0.2508233161577147,0.10685588979311646,0.19507478178336868
-1.9276791493544707,2.687062603556091E-16,0.5329479548605428,0.03453686589008787,0.0893264572630635,0.5357808172019269,0.3655086032246328,0.15336695207047815,0.36994683222897307,0.2155493115567993,0.6276275755994349,0.4418215132897593,0.08672351822983765,0.13594942754657682,0.17481592282874525,0.24081972613913338,0.11049826372501272,0.1475635362167843
-1.935886697307367,2.6783446340169867E-16,0.5022953342330522,0.035509111018890864,0.09567650689424756,0.5402840299232796,0.34581050064097957,0.13996618792911508,0.3403821978238532,0.20834612422283105,0.5906849118661102,0.46062378158384,0.07414639008454231,0.11232386382263057,0.10695520898548357,0.22892261068603845,0.11860244562089511,0.08919944783681145
-1.9436059956477831,2.668951219946868E-16,0.47151612819994204,0.036601482577371364,0.10241084563312429,0.5484807430992855,0.3294598941811985,0.1284893619440887,0.3125867264707561,0.19930645752996617,0.5471687995986366,0.47705984182212685,0.06375661050343406,0.08792242111773423,0.061728653514463716,0.21079718546767834,0.1261676826165965,0.044313400229367625
-1.950835859791518,2.6588857391885605E-16,0.4406182223655816,0.03782219277854511,0.10954410406950275,0.5604563377352205,0.3165052518236826,0.11885684563811193,0.2872598200907562,0.1884766119984534,0.4978348517265909,0.4861328767507543,0.05529080864220294,0.06274505730844561,0.039769943930814816,0.17917917388415108,0.12688357921109925,0.025471948236700077
-1.9575751051543715,2.6481515695848896E-16,0.4096095023343401,0.03918013339767661,0.1170934161907986,0.576296256518127,0.3069689418827453,0.1109920953918322,0.26510737241945387,0.1762896772422063,0.44408831383127634,0.4833915138105094,0.04824996911820721,0.03951280625464485,0.03445747640983571,0.13443956801233678,0.11683897988945066,0.016952392695308193
-1.9638225471521427,2.636752088978681E-16,0.3784978537105868,0.04068883849993171,0.12508101136438912,0.5960762031243964,0.30084854629046154,0.10482554565250973,0.24681827960272446,0.16354269156053294,0.3879091548658294,0.4658459595162373,0.04204324192494098,0.022720388789005622,0.03698538378428134,0.08725840464464099,0.0980156983744983,0.010712196940291834
-1.9695770012006317,2.6246906752127595E-16,0.3472911620986907,0.04236925025294948,0.13353578528252497,0.6198698775572548,0.2981318542011311,0.10029619373323267,0.2330379827598413,0.15134058993515453,0.33171735833599764,0.4326779979295518,0.03614543730450896,0.016351204747459755,0.04212190836667311,0.04994901124236923,0.07666121423970214,0.012606247763068857
-1.974837282715637,2.6119707061299513E-16,0.3159973131030209,0.044247354068907736,0.14249372316350672,0.647763755368046,0.29880298551065054,0.09735178548572936,0.22434323805054016,0.14100907828466716,0.27819290343763553,0.38559961700669443,0.03022781686761256,0.02141530472878044,0.05029139550587754,0.0265261511594848,0.05761374658556135,0.022740934400826238
-1.979602207112959,2.598595559573082E-16,0.28462419232794683,0.04635665763868951,0.15200797321776796,0.6798694861879641,0.3028504730388624,0.09595291482963528,0.22121306186736656,0.1339813699367568,0.23005546003909919,0.32877024883545464,0.024227343168681116,0.034700523679206306,0.06445863301070379,0.012773744926408214,0.04131302424974909,0.04979368501663847
-1.9838705898083964,2.5845686133849766E-16,0.2531796853778377,0.04874645004249372,0.1621662361547731,0.7163838598775006,0.31027745780964716,0.09608100495993167,0.224007447364437,0.13166678522079528,0.1898311198700199,0.2682646665787777,0.018337661665561646,0.04961831304759337,0.08447769379582518,0.00477438557084939,0.026529978779122387,0.11186940376132841
-1.9876412462177495,2.569893245408461E-16,0.2216716778570625,0.0514816696056118,0.17309476566731902,0.7576538742214295,0.3211151878727542,0.09774899676493289,0.23296749666449157,0.13530716844156293,0.15961919904610242,0.21116412681103905,0.01292615816055322,0.058975725135562714,0.10384749257807116,0.0039005546750391184,0.013963227090840774,0.18448761070431594
-1.9909129917568171,2.5545728334863606E-16,0.19010805536999054,0.054653547948802624,0.18498583742868838,0.8042744781589098,0.33549913426797195,0.10101379932378073,0.24823129303088337,0.1458436639754675,0.140884871330207,0.16441583737196452,0.008403553281614256,0.05842733973250995,0.11223805095902906,0.01175784052066392,0.005600855907905001,0.2173917332160553
-1.993684641841398,2.5386107554615E-16,0.1584967035209908,0.058390795030110965,0.1981444212969707,0.8573379420191464,0.3537994408654626,0.10600551252155073,0.26988505289023135,0.1638158395857747,0.13428834528942707,0.13365307713720817,0.005085553642255332,0.04883738495634015,0.10265695939035631,0.022925956230615354,0.001751246156944744,0.22983281640821968
-1.995955011887294,2.522010389176707E-16,0.12684550791443275,0.06286711506878455,0.21302466230085743,0.9187431906328852,0.3767430309196082,0.11299888882488096,0.29808070646149487,0.18935603425614736,0.13960904772169247,0.12218529060208544,0.0030879287189157223,0.036157529602670484,0.07803151303724225,0.027315131527442107,5.615729410161116E-4,0.26506797050791975
-1.9977229173103015,2.5047751124748046E-16,0.09516235415468542,0.06832525286355397,0.23030049886411794,0.9915588427489865,0.405781119861838,0.12258980409889057,0.33345207911468383,0.22236805618547092,0.15584516685343996,0.13040515756650228,0.002286031282098881,0.02858213823610484,0.051589222252494876,0.021281485182417115,1.7382770752002172E-4,0.2581924159742738
-1.9989871735262232,2.486908303198622E-16,0.06345512784611812,0.07508334944480051,0.25090891431275514,1.0804492948179392,0.44353831780407765,0.13604764935385244,0.378349634486917,0.26338393656414055,0.1817594055828415,0.15594678675071658,0.002352246151649078,0.03215253044731278,0.039411461127626474,0.01340145867668989,1.0812489885133289E-5,0.14977637160221152
-1.9997465959508551,2.46841333919098E-16,0.03173171459309989,0.08354000194208408,0.27597534344429414,1.1909253918255298,0.4935973578884512,0.15574488720113697,0.4392269147999564,0.3164823406163426,0.21823050832458393,0.1960382235137244,0.0028645053303953277,0.0472510191563176,0.04950918109138277,0.015305916487559548,7.14665836895444E-5,0.0689444537129868
-2,2.4492935982947064E-16,0,0.09408060522894478,0.30620538262118724,1.3232367277581008,0.5564209589943808,0.18392141709496973,0.5233320463241478,0.3899986543672307,0.2702179266919723,0.25392484494008083,0.0033312001104373653,0.07209965844225369,0.08208351786268589,0.028943018145232115,1.458226357718108E-4,0.13681056021866894
1.9098045586724444,-1.1694180198876164E-16,0.5938404351967895,0.027934452531071487,0.07010152377035073,0.08746796209090543,0.027296909739388652,0.024463466669532245,0.06885742987756813,0.11228746556308558,0.039139935683405756,0.023170716660713266,0.039915816852896815,0.006309979288536574,0.10132134309308309,0.02518948871369377,0.03355148325463902,0.019195224248621093
1.918985778773485,-1.1750398957921199E-16,0.5634647641017526,0.027927891328924686,0.07004293033933448,0.08647308957540427,0.026361609456375855,0.02301632125328881,0.06414386468882306,0.11331319767336162,0.04689540190902812,0.02384882555350884,0.03485576589394838,0.0028860863340311165,0.07553648219469877,0.016711542625870945,0.04533343923287027,0.012083798808735972
1.9276833760637693,-1.1803656381330295E-16,0.5329471150935652,0.028068394346012347,0.07055446873845339,0.08649107549150475,0.025694863442858356,0.02164276293998165,0.058994458387994914,0.11221143055019817,0.05444879724239634,0.02399593175073965,0.027962254247500904,8.649032831707089E-4,0.05010580925008816,0.01389669307712326,0.04123965130084085,0.01117843437177967
1.900141787164547,-1.163501278788597E-16,0.6240663539114012,0.028096906162987108,0.07074789301766564,0.08944804676124979,0.028464215649151397,0.025942391364160468,0.0729898999260186,0.10940562878059437,0.03173446900034656,0.02223988491145163,0.042458630337501385,0.011113584051660541,0.1303257206981462,0.0414147034087185,0.016007938274173933,0.04114531414451237
1.8900002961774471,-1.15729140655063E-16,0.6541350241841023,0.02842226052152989,0.07199238383015041,0.09236998042357586,0.029823115840205597,0.02741013338672043,0.07642388195916544,0.10506396261145753,0.02509316699218886,0.021440675176660578,0.04270044209296411,0.017339828410548486,0.1650313569941032,0.06111460840263271,0.005362296441359249,0.06856678885978537
1.8793830296566476,-1.1507902058204346E-16,0.6840390239125029,0.028916701523564847,0.07384006778770373,0.09618059210924652,0.03133133602772714,0.028824707109757052,0.07907676244853687,0.09974319753659301,0.019475857738181602,0.02117582868886877,0.04169729171817039,0.025135095036442796,0.20145299406537218,0.07573570453055191,0.004983063968993532,0.07172439033701333
1.8682929315476513,-1.1439994792447282E-16,0.7137709309942188,0.029585925522159124,0.07629172554174977,0.1008193135286536,0.03294572950844262,0.03014652831470802,0.08090393225666877,0.09396282488525223,0.014995001227163683,0.02177191667758214,0.04096315455181682,0.034765478761912494,0.22941747059702136,0.07882053318205488,0.006319052180616251,0.04665889388915287
1.935895592929803,-1.1853941706824753E-16,0.5022952798221828,0.028346380979117274,0.07161475286934336,0.0875356058483612,0.025329744213842705,0.020383118947801565,0.05357787508912594,0.10887325985465393,0.06115792897260883,0.023495058034124088,0.020597824944789293,2.737371377691562E-4,0.02676790332289754,0.01289661668386149,0.025793161612936634,0.01846010926790065
1.9436206726245557,-1.1901244177431442E-16,0.4715170475900151,0.028752256632543233,0.07320145814381365,0.08960905267399408,0.025294969282930624,0.019275786026522336,0.04808012310170416,0.10337591045429448,0.066365295518554,0.022395068919882716,0.014422003514187168,9.675738050261323E-4,0.010174229988118396,0.011710938316644734,0.015379630806863637,0.04442419040154125
1.9508568584009978,-1.194555303617722E-16,0.44062020769947363,0.029276293296021817,0.07529079850071918,0.09270558814813813,0.025613467427951845,0.018356076227197374,0.04269542449095255,0.09599098493830621,0.06949567568009099,0.02086530868272746,0.010965953875848526,0.0024156191833073983,0.0025008193338215993,0.009350271226861263,0.0155116060795415,0.06400491157025419
1.957602393512102,-1.1986857526088966E-16,0.40961254945296693,0.029908460736626053,0.07785726697578309,0.09681331592520745,0.02630182089062966,0.017655232466269637,0.037616869649698174,0.08717567606997413,0.07016110962479098,0.01911882509627706,0.011234997543972093,0.003737616938617101,0.0012373674253607228,0.00567800216901155,0.017345420332738795,0.06172937988293374
1.9638555212108382,-1.2025146890193554E-16,0.37850186215290715,0.030638983400133178,0.08087498790738863,0.10191439531198464,0.027370709102693198,0.01719932150386887,0.03302663511499932,0.07754582102071635,0.06825599347735838,0.01733408103776232,0.015381500390016746,0.00417321755019758,0.00196892731085815,0.002306840827596338,0.015164157674357182,0.04443514138623374
1.8567329457959603,-1.1369210294702297E-16,0.7433233233268606,0.030435085242568844,0.07934428253846938,0.10621907129174421,0.03462312388426656,0.03133952994927703,0.08189959996379244,0.08823501471371956,0.01163935880511698,0.02340510769699038,0.04187423776625562,0.04644704848928805,0.23930977962523842,0.06947611697268115,0.0033515562843040164,0.02223905655711575
1.9696144847501782,-1.2060410371517847E-16,0.34729593510170226,0.031458950760599375,0.08431849158449045,0.107983252729524,0.028826460612017046,0.01700800975693187,0.029086178507447328,0.06783297323903562,0.06402378330802788,0.015605822558301456,0.02251414545274278,0.003722575061977776,0.0019443313705725825,6.349278293227961E-4,0.008882578737922859,0.0246667001354966
1.974877527383092,-1.2092637213088719E-16,0.31600255760176355,0.032360172718817685,0.08816108415177022,0.11498728534456627,0.03067217214098897,0.01709413435544427,0.025926845687435345,0.058827911158862864,0.05807745914106914,0.013944589546071097,0.030755352081139293,0.0033400749536011765,0.0010326576290651363,3.157166847058806E-4,0.0023277042681949006,0.021083338735675645
1.8447060163470772,-1.1295566591436565E-16,0.7726887788080427,0.03146876237917618,0.08299127138984436,0.11230726499561652,0.03632117696607753,0.032372228747240925,0.0820961907920501,0.08302248003011115,0.009305925889146655,0.026066166632349428,0.045093399300674186,0.05988408782806032,0.22836079324526018,0.05193561654259785,2.5003691175805125E-4,0.017093882855335925
1.8322150871465042,-1.1219081709117277E-16,0.8018598753353771,0.03269097255110181,0.0872231532983083,0.11900717161054904,0.03799921780764992,0.0332187067219448,0.08156193704159809,0.07870394505439132,0.007832635661114563,0.029569866441900593,0.05027553421592306,0.07373951917823535,0.20109147842382744,0.032850662393983585,0.0015693031605544135,0.02486424723210624
1.8192631021397443,-1.1139773674211614E-16,0.8308291908064765,0.034105159073554304,0.09202777280534995,0.12623903314369084,0.039619099148969425,0.0338593266531613,0.080396896335745,0.07554979799137806,0.00702645951810144,0.03360071969823957,0.056209344013071205,0.0855363612768267,0.16523943280884398,0.01721921097307119,0.006640163182002093,0.028664570867956738
1.9796428942967046,-1.212181666977631E-16,0.2846295206926543,0.03333540621505218,0.09237803976292061,0.12289127127612243,0.032907020975963326,0.017465012036406106,0.023641887859446813,0.05131437636555376,0.0513637740942738,0.012324886079856857,0.03765427685947737,0.004280231685189933,0.0010516756937726222,0.0014864981741129005,0.0018489758242004792,0.041410830345435246
1.983909185039202,-1.214794016628647E-16,0.2531847339007851,0.03437885707372061,0.09695792844237469,0.13166306112008772,0.03552656578727002,0.01812449117949534,0.022280842098775906,0.04599699951263429,0.04506686627367158,0.010761337632746467,0.04095270234337127,0.006948054932514318,0.004928969979892907,0.004879231574747266,0.006811866830767867,0.07305177405088117
1.9876757319303089,-1.2171003614256627E-16,0.2216761850760888,0.03548585710587299,0.10189730778662207,0.14128738798773213,0.03852249633216858,0.019074460775248197,0.021847402763214067,0.043430170217134106,0.04046007707011483,0.009378829239015271,0.039506308688558193,0.010235538098876944,0.014535648043412203,0.008258812533685364,0.015162750179610409,0.07314714980067387
1.9909419548232494,-1.2191003461312332E-16,0.1901118384282793,0.03665421865853424,0.10720683583633953,0.15177836345732915,0.04189168378412248,0.02031654829811843,0.022302299328400457,0.043959094720241565,0.03872268895410178,0.008442210136044306,0.033987643883936776,0.012124568892157024,0.027153929200223133,0.007782236100359359,0.028248906671992757,0.05029991619166006
1.9937072735712489,-1.2207936155079133E-16,0.1584996581670705,0.03788449192196452,0.1129361545656169,0.16322083858754696,0.04565662685893454,0.02185321781216671,0.023566972025317743,0.0476810398707414,0.040742362374932325,0.008320660336649322,0.026960097002965554,0.011301084214852396,0.03514722936169191,0.0039345942628299276,0.036602835150163326,0.032576417594192573
1.8058530052722985,-1.1057660513186748E-16,0.8595893031189537,0.035714285958131246,0.097390778047051,0.13392109766958094,0.041146021813713206,0.03428107669145051,0.07872780976474475,0.0737092264284826,0.006684611925794082,0.03777828466924734,0.06135787169439764,0.09234296046914367,0.12773830935676994,0.006765861080815595,0.011165470826412059,0.052995873374717624
1.7919877420703088,-1.0972760262188483E-16,0.8881327881226684,0.03752097110951944,0.10329596819322522,0.14197118577911017,0.04254920946429776,0.03447777946330456,0.07670213894155924,0.07320911263340664,0.00660934189851261,0.04172338731295071,0.06457676348243913,0.09204160748673702,0.09311177695911851,0.0028079595056602112,0.011890294907754695,0.12977405721060195
1.9959711080275322,-1.2221798143182567E-16,0.126847608502175,0.03917816223212594,0.11916703296559651,0.17583034350746293,0.04987670599960942,0.023703289187288396,0.025533134367325603,0.0544381150417941,0.046948763710619915,0.009387207636699944,0.02210469792661126,0.008502491133931343,0.032596685650040126,8.429487632825235E-4,0.029207283814082108,0.015424617529393482
1.9977328780453243,-1.2232585873248183E-16,0.0951636536433071,0.04053421669061177,0.12602108832901096,0.1899881030885509,0.054689591557666326,0.025941494809959133,0.028093916224309273,0.06386654287608547,0.05723254085489393,0.011885052198923898,0.02275054887834554,0.006302508069433296,0.023653929817756287,1.670901551264548E-5,0.014565472629508969,0.01144460094709564
1.7776705850104173,-1.0885092959357053E-16,0.9164522896296976,0.03952660970572504,0.10972307023749552,0.15030495482823708,0.043801604379900334,0.034449606772780084,0.0744805494666838,0.07396271042719546,0.006618548107170696,0.045109880537296865,0.06570808530859777,0.08445924993891385,0.06391510901373315,0.008304925280132231,0.013180334922140062,0.22145076779459952
1.9989920034778494,-1.2240295792901516E-16,0.06345575780017937,0.04193859736310378,0.13363634818617195,0.20631073565440924,0.06038494924647813,0.028737338979190265,0.031222841672224316,0.075623652868326,0.07108071603956954,0.01582930519494025,0.0302851311116302,0.007206795413048895,0.021451198304359355,1.7733045863588248E-4,0.005986578200742144,0.008966878411975437
1.999747904178333,-1.2244924349768117E-16,0.031731885182506185,0.04333824910303953,0.14204035516230484,0.2254654806455589,0.06736997182394083,0.03239638263473494,0.03505362533257414,0.09012537735712435,0.0885156945360713,0.02116789528880402,0.04345228780229554,0.011459609251826947,0.03483638256388703,0.0013641940849557681,0.004757062140011977,0.0018675096188417975
1.7629055317842868,-1.0794683083493947E-16,0.9445408581937146,0.04172970633151033,0.11664361672726674,0.15883160212130845,0.0448790806730328,0.03420208593610093,0.0722286882637053,0.07578734927177586,0.006555328405070487,0.047695507788695767,0.06580427757564564,0.07162421328106894,0.042478621041572615,0.025431805263647432,0.02320567648537839,0.24544498261840286
2,0,0,0.04456088921530475,0.150713726152207,0.24704770997178782,0.0756999856752747,0.03704714029467009,0.03935063051529664,0.10835542984354456,0.11172277500576287,0.02897292530203922,0.061303172841165904,0.01708946321642509,0.05948393799963732,0.003976860596313738,0.009937711595419618,0.0026538754320471996
1.7476966775315104,-1.0701555710097142E-16,0.9723916395754603,0.044127729264807986,0.12402600066015836,0.1674610287328224,0.04576243022817048,0.033746946407142084,0.07011346792980448,0.07843463074744605,0.006298915453789288,0.049335179796381384,0.06690202990177148,0.05697175596595609,0.032962907625978505,0.05290529007221939,0.04237045972229711,0.19024801704888256
1.7320481173916857,-1.0605735914664636E-16,0.9999977795356723,0.04671756691852018,0.13183674962905612,0.17610659995064049,0.04643779772362191,0.03310200999434171,0.06829740167265438,0.08162338124209112,0.005777040937804515,0.049977031690190105,0.07143210214696169,0.043978397267466926,0.04134613129100186,0.08594056052276305,0.061080364390555295,0.11924665368700835
1.7159639465044059,-1.0507248772694404E-16,1.0273524238350893,0.04949562448560536,0.14004109481755897,0.18468567295832972,0.04689697051469049,0.032290458239078806,0.06693318925547867,0.08507528120733293,0.004979015101270442,0.04964731809003268,0.08147102909144167,0.03501268392952995,0.07146695601390136,0.11677446021033497,0.07159112952563264,0.07834628023282353
1.6994482600092657,-1.0406119359684433E-16,1.0544487182344513,0.05245790149717415,0.1486034590852152,0.193120903867149,0.04713730732954658,0.031339636464896244,0.06615885577023965,0.08855009453553847,0.003966995718568705,0.04842847276324607,0.09806346518165938,0.03093756323811073,0.11938823666338576,0.13644133537721576,0.07927404157039483,0.09796954629789244
1.6825051530458617,-1.0302372751132713E-16,1.081279808494496,0.05560014223203087,0.157487913028039,0.20134210410115014,0.047161669064841684,0.03028033766152837,0.06609425116499164,0.09187740654693456,0.0028820205033313023,0.04643302676302328,0.12078990495174381,0.03145726618467349,0.17183082900812108,0.1393532779223394,0.09330094576029264,0.20323979606125842
1.6651387207537873,-1.0196034022537222E-16,1.1078388403759631,0.05891805373565763,0.16665887619509515,0.20928577060767942,0.04697797113255376,0.029145740885768958,0.06683827106479638,0.09498390043974561,0.0019420715927618993,0.043775812499111416,0.14767101139912067,0.03579756984678634,0.2119438301386287,0.1261259847409098,0.10956303868970282,0.3692864810234944
1.6473530582726392,-1.0087128249395958E-16,1.1341189596395915,0.06240738047928043,0.1760816869341843,0.2168971565867179,0.04659909315112903,0.027970226384040772,0.06846743316092017,0.0979145166036514,0.0014302963146401266,0.04054837117643288,0.17542458072583475,0.04326187939593304,0.2288711115044395,0.10119276614063523,0.1151408587625374,0.5062269289434246
1.6291522607420115,-9.975680507206895E-17,1.1601133120461193,0.06606414745516005,0.18572307416091105,0.22413027690758447,0.04604213034934991,0.026788337002874103,0.0710355226220802,0.10084314826876796,0.0016728662889048177,0.036802238305505955,0.2000360558552689,0.05342202673514302,0.22381278229549784,0.07022836843628713,0.10463335247123907,0.5381923637212493
1.6105405845276635,-9.861716858693553E-17,1.1858150864722794,0.0698840729042772,0.19555012938322033,0.230947422772099,0.045327641459312965,0.025633501655921112,0.07457348191395965,0.10407281484797817,0.0030087020902806795,0.032548691000426525,0.21755341312069054,0.06595059987562853,0.20848012449045158,0.041355205005040585,0.08407551412086527,0.4524442154739713
1.5915229979269279,-9.745267725903061E-17,1.211217954689328,0.07385863329857566,0.20552053065043585,0.2373078828012467,0.044477375912208114,0.02453605574459439,0.07908742110080648,0.10802411421141948,0.005754081677355198,0.027780510546629215,0.22496719752763317,0.08024759043644765,0.19804437841297576,0.026215286828637142,0.0635622273715622,0.29318645901887824
1.5721046613864784,-9.626364707457924E-17,1.2363158236136182,0.07797784180177032,0.21558960786533646,0.24317697706640018,0.04351484519063058,0.023523593014592944,0.0845620727128103,0.11321939262266958,0.010166769096337553,0.022520263556340327,0.22100285712481738,0.09508242045596256,0.20378077863653732,0.037892975194842735,0.05106902110631376,0.14472906848964626
1.552290735263208,-9.505039401430898E-17,1.2611026006643766,0.08223155694842126,0.22571379049877263,0.24852913413116062,0.04246584132088744,0.022620505218487703,0.0909639945825139,0.12025463804823276,0.016413895147764684,0.016887795897725686,0.2066041161501834,0.10846930742861008,0.22924938321339952,0.087425031216039,0.05278111891820398,0.07516885777526769
1.5320863799140103,-9.381323405894745E-17,1.2855721932608302,0.08660949319587623,0.23585121013621838,0.2533468674372832,0.041357284602737084,0.021847072906819604,0.09824386956462373,0.12976181194638253,0.024547894111822,0.011173127349672868,0.18495123599277943,0.11795005627422193,0.27112226587413873,0.17877520372137115,0.06873496520947735,0.1145646843349171
1.511496755695779,-9.255248318922226E-17,1.309718508822206,0.09110166409970837,0.24596274387811254,0.25762375879270794,0.04021683429214066,0.021219371296325205,0.10633976265175961,0.14236670796067133,0.03449272482859655,0.0058967079449197875,0.16097181143252662,0.12128868657987017,0.3235845898957513,0.30231315387845253,0.08301628200160771,0.2555739581306848
1.4905270229654068,-9.126845738586097E-17,1.333535454767731,0.09569828955761879,0.2560116733668483,0.261361230047883,0.03907210512470141,0.020748590728325196,0.115178840424877,0.15864379155357716,0.046042422088758334,0.0018376243291524518,0.14045087013518975,0.11732758890102032,0.3834418173001977,0.4332355205355302,0.07526985856658415,0.44709894874640904
1.469182342079788,-8.996147262959123E-17,1.357016938516632,0.10039050117951047,0.2659651404193697,0.26457066706981597,0.03795003921979826,0.020441119990476684,0.12468094310191986,0.1790674228208899,0.05887023518242825,1.4853711663610177E-5,0.12897686228330005,0.1065803423373487,0.45211630150398974,0.5399874266676201,0.04614670907365394,0.609344682723518
1.4474678733958162,-8.863184490114063E-17,1.3801568674881357,0.10516996433881412,0.2757936532601094,0.2672706352953306,0.036876174083937716,0.020298506088640783,0.13476079168478813,0.20396698209026565,0.0725490918846779,0.001615910334453155,0.1310128887795852,0.0912085757091178,0.5323481616687454,0.5969730993079737,0.015508321438408095,0.6904796196532749
1.425388777270384,-8.727989018123677E-17,1.4029491491014698,0.11002946862480258,0.28547230823902825,0.26948922763626093,0.035874394989819515,0.020317591943109524,0.14533017679766444,0.23349162746738478,0.08657694438120486,0.007878422224417777,0.14933206114098238,0.07434714000100093,0.6216226129655329,0.5928545706183801,4.7232991815355054E-4,0.7020755165739624
1.40295024602816,-8.590592640806891E-17,1.425387697645095,0.11496276608988296,0.29498069411057937,0.2712607535248298,0.03496621279569743,0.02049091943191074,0.15630004434992,0.2675807447677598,0.10040729634987769,0.019940291854969774,0.18492411067132003,0.059104993871023914,0.7076354361272372,0.5329881215539732,0.006767683976066719,0.675335027058104
1.3801579814239469,-8.451030271342545E-17,1.4474668113303,0.11995976774852952,0.30429094317765165,0.27261681531185766,0.03416913649637076,0.020806638853794582,0.16757703156383552,0.30593335524733695,0.11347530232700402,0.038679892391103164,0.23731249523251188,0.04772545639578776,0.7700426317865794,0.437218492464062,0.03119114767162246,0.6227840826950429
1.357018069166065,-8.309339173946715E-17,1.4691812978243288,0.12500610496456202,0.313367333401261,0.2735848160586648,0.0334963929571952,0.021248845586919616,0.17906213984145797,0.3479996162712343,0.1252243159016549,0.0645679724759071,0.305100063132919,0.04125179442578863,0.7881209988198242,0.3319323713457583,0.06353469940306303,0.542057707941333
1.3335366018352877,-8.165556654917119E-17,1.490525996770289,0.13008760895583546,0.3221769065255338,0.27419689672115866,0.032958332024513544,0.021798963729903146,0.1906563498661264,0.3929953730876723,0.1351339731407928,0.09755536329489772,0.3865136055180279,0.03971050478288241,0.7498517205391303,0.23884933052849172,0.08902146524010758,0.43454532746596425
1.3097196720123885,-8.019720020551465E-17,1.5114957478112867,0.13519069983030715,0.3306904780249613,0.2744890186185875,0.032561966414753056,0.022436522712825712,0.20226167654409846,0.4399239897998099,0.14274232054977593,0.13701263282270992,0.4797399258059218,0.0425695738761479,0.6574123054225351,0.1683932669125033,0.09303116082718993,0.32143681737096713
1.2855733722781393,-7.871866577147461E-17,1.532085390590428,0.14030273312697197,0.33888290409025645,0.2745004817457778,0.032310874372439256,0.023139963089946185,0.21378186873691823,0.4876124993781992,0.1476640960371086,0.1817299417729071,0.5829549139152698,0.04917953806560791,0.5267379874645838,0.12145030309460715,0.07047037909889754,0.2336583542024105
1.2611037952133144,-7.722033631002825E-17,1.5522897647508196,0.14541210742737506,0.34673316526535114,0.27427364302325496,0.03220537942182154,0.023887407091611683,0.22512323864175746,0.5347607066578796,0.14960592715457077,0.22997737291086853,0.6940676224787021,0.059028825876489915,0.3819396709620093,0.09477067003887048,0.03350808528742216,0.18602181418955138
1.2363170333986864,-7.570258488415264E-17,1.5721037099355677,0.15050822680155704,0.3542247310264603,0.27385214215441983,0.03224258206837984,0.024657393911912025,0.2361952461543201,0.5799988957176323,0.14837896599672917,0.2796192577607869,0.8103082991709436,0.07181223740766568,0.2473584990135635,0.08410350913639503,0.005678524141738189,0.17206419388166055
1.2112191794150278,-7.416578455682488E-17,1.59152206578778,0.15558214129289777,0.36134615729117314,0.27328143397350346,0.03241664244659757,0.02542968040550638,0.24691125778496353,0.6219507127210889,0.14390980413835733,0.3282710787754813,0.9278494470216718,0.0873942279076704,0.1406569386373861,0.08442206101849278,0.006852609048491158,0.17545052209765039
1.1858163258431127,-7.261030839102212E-17,1.6105396719505622,0.16062672348000354,0.3680911379188125,0.27260808349597865,0.032719104675252554,0.026185913110689237,0.2571892901625737,0.659298871257585,0.13625099340726465,0.37348438429656977,1.0416481368295603,0.10572649064053627,0.06962546440960221,0.08986601824585427,0.042856784552001405,0.17855497760325728
1.1601145657659477,-7.103652948047448E-17,1.6291513679772909,0.1656365079648812,0.3744582497581435,0.2718774881143976,0.03313901162329125,0.026910274215131733,0.26695265209470964,0.6908488666465857,0.12559166685200845,0.4129435366205077,1.145638556655463,0.12672181893349418,0.0333686684027737,0.0951749357861477,0.10612015061920207,0.17038043385047927
1.1341202273857245,-6.94448353158098E-17,1.647352185543212,0.1706048817030526,0.38044445188676046,0.271129309635187,0.033662568305033815,0.027589733039393997,0.2761262499803565,0.7155770497443587,0.11226680650681448,0.4446516491996237,1.2332888530205282,0.15006656387599535,0.026125592493328912,0.0981088188691875,0.1858113073782116,0.14618718820177468
1.1078401218159615,-6.783564295744656E-17,1.665137868258273,0.175517159011982,0.38603105534071747,0.2703884520262923,0.03427258241441593,0.028213391387111576,0.2846287343694877,0.732656528903964,0.09676547946190789,0.4670907334922802,1.2984383006614966,0.1749968629000719,0.04085978370244077,0.1006692599046568,0.2752100876079578,0.10563428365630606
1.0812811032959193,-6.620937210649331E-17,1.6825043209828798,0.18035786783020805,0.39119963961834875,0.26967505881938447,0.03495037854976594,0.028773678410908502,0.2923834954367353,0.7415171036624706,0.07974254134454951,0.4793675927391372,1.3362991300262326,0.2001305281461636,0.07079660113697935,0.10773936197468903,0.36572237786057865,0.06082598679809408
1.0544500260648593,-6.456644246405867E-17,1.699447448577436,0.1851128553037391,0.39593575784194474,0.2690061904376556,0.035676263811171366,0.029266870429484997,0.29932191552840975,0.7418759530365007,0.06202071519474417,0.4812990260579559,1.344309403384733,0.22343074218429054,0.10929779840542697,0.12476303695480036,0.43879592057971095,0.03931139504743978
1.0273537443620429,-6.29072737312512E-17,1.715963155902348,0.18976948088783824,0.4002286667662099,0.2683959416178169,0.0364300313795968,0.029693516113404178,0.30538550850145674,0.7337505485980514,0.044583125767939234,0.4734323095962912,1.3226266306918124,0.24236058402032792,0.14979394731368392,0.15710603821185007,0.4715877817309224,0.06437621301514698
0.9999991124267308,-6.12322856091795E-17,1.73204734781802,0.1943167967275494,0.4040718313847487,0.2678555544322432,0.03719167778262543,0.0300584428561892,0.31052752620247365,0.717457044425822,0.028554060150500774,0.45699782791779214,1.274119119015623,0.2542292298212566,0.1869116414340694,0.21057663317146816,0.45085530305633115,0.13235469320199134
0.9723929844981845,-5.954189779895218E-17,1.7476959291848573,0.1987455599664797,0.40746344355714037,0.26739250274601917,0.03794185907367692,0.030370231617344708,0.3147135071928242,0.6935896769271768,0.015164886523468705,0.43379613875931106,1.2038350195551226,0.2566717057184371,0.21827726766104816,0.28984554689830916,0.3800262331698094,0.22120338118505056
0.9445422148156649,-5.783653000167781E-17,1.7629048048632645,0.2030484641866899,0.4104057182369745,0.267011296145406,0.038662221139652404,0.030641385241583833,0.31792346772620195,0.6629819787268277,0.0057033171608444075,0.40602849225165555,1.1180665585824556,0.24816303644224244,0.2453684395732613,0.39382363115349817,0.27627077631072305,0.310903456436976
0.9164536576184333,-5.611660191846495E-17,1.7776698797136463,0.20722072609860692,0.4129053984665015,0.26671301622851545,0.03933574211034064,0.030888590367985948,0.32015444458207587,0.626666525789916,0.0014471128848824292,0.3760861467165366,1.0232338596444177,0.22844975726554054,0.27214005515258893,0.511446434705165,0.16392289955215217,0.3811249849032347
0.8881341671457509,-5.438253325042222E-17,1.7919870585964086,0.21125951323584513,0.41497301399272835,0.26649396343798804,0.03994743122691271,0.03113191365330098,0.3214185133321747,0.585830482529251,0.0035836806778519036,0.3463197571785257,0.9248588710129722,0.19878936091554378,0.3016383103613423,0.62189155780247,0.06843709364363966,0.40206338289107874
0.859590692829484,-5.263474952752418E-17,1.8058523438021181,0.215163322736253,0.41662112386488126,0.266346454108912,0.040484034095114085,0.031394158025303834,0.3217427260146795,0.5417432508574491,0.013117449948660908,0.3188121753035945,0.8268602728077186,0.16192131039222873,0.33235228587136006,0.6997546148834621,0.010883935563157367,0.3522594474258955
0.8308305908436402,-5.087370118551843E-17,1.819262462817208,0.21892039098036822,0.4178435424664496,0.26624486847760037,0.04093274150005871,0.03169954338495109,0.3211571841270067,0.49567536344803204,0.030772650949867298,0.29517044613773274,0.7313125129696105,0.12175400476917203,0.3566191587676597,0.7225801969844958,0.003806383632333993,0.24630787277854804
0.8018612853391928,-4.909984282254126E-17,1.832214470114399,0.22251635316090998,0.41862946017706615,0.2661549351562418,0.04128264532441527,0.03207382859252672,0.3197027868271398,0.4488761407251246,0.056896320862994475,0.2763866142801934,0.6387414629781532,0.0828312174501181,0.36258075624462643,0.6778630851921772,0.0501443953776564,0.1280779513976316
0.7726901984185288,-4.7313628911289236E-17,1.844705421748187,0.22593905045543755,0.4189724490650233,0.26604061114132616,0.04152571686615042,0.03254485149099409,0.3174371379371068,0.4025241148705876,0.09137175193691437,0.2627586787179293,0.5487775879907032,0.04965697706092153,0.3392990494370873,0.5677751661372535,0.14295268704393407,0.04151160327724377
0.7433247521840357,-4.551551392445895E-17,1.8567323737730714,0.22917774954821524,0.41886887067086725,0.26586246397885366,0.04165720110522904,0.033142335917686366,0.3144342265432602,0.35766922373010457,0.13355663743900456,0.25387948623569045,0.46097040719087096,0.02601144380721182,0.282802084581786,0.4108401449401908,0.2623275093608924,0.01645429903420988
0.7137723687380999,-4.370595233474693E-17,1.8682923822435482,0.2322245450797689,0.4183193843710575,0.265580676660505,0.04167573817423252,0.033896930564688434,0.31078227397288494,0.3152003770658918,0.1822474711083672,0.24870402053582347,0.37553861433565805,0.014392128701642958,0.20012966523053655,0.23982943071637206,0.3739990788601221,0.06277850163295512
0.6840404701831092,-4.1885398614849765E-17,1.8793825032141163,0.2350736405132966,0.4173285741124056,0.26515421023052954,0.04158355516863537,0.03484045503961877,0.306582415706209,0.27582071273451814,0.23568495230216688,0.24568914440164608,0.2938592780730464,0.01568182356103102,0.10938312216221191,0.09536675014049555,0.4412882077669656,0.15713718413113942
0.6541364786214502,-4.005430723746401E-17,1.8899997927392722,0.2377217613999604,0.41590475374865016,0.26454222930475774,0.041386297872055756,0.036006179506469345,0.3019483661052381,0.2400228866691773,0.29160503963543977,0.2429997727534846,0.21856562520406744,0.029098310740133013,0.03577207358474322,0.01611931688188596,0.4529981651711073,0.2428467626447462
0.6240678161555103,-3.8213132675286224E-17,1.9001413068735136,0.2401678603974047,0.41405969652736224,0.26370319672447823,0.041092950318154846,0.03742771420854196,0.29700183460346824,0.20808421260299248,0.3473333138455965,0.23876029302132282,0.15323329119757997,0.05243241596924984,0.005435305038679424,0.02862428082560509,0.4472725338298771,0.26146461510410385
0.5938419048876762,-3.636232940101297E-17,1.9098041016713387,0.24241357929771615,0.4118085328887359,0.2625971139790649,0.040716360302033204,0.0391394370226583,0.29187107664555995,0.1800756782600615,0.3999238706712858,0.23132906092835276,0.1017344055188673,0.08253220544387205,0.03937587267078308,0.14076230898064973,0.5012100232394633,0.1935046174621055
0.5634661044780448,-3.450234806385328E-17,1.9189845363732945,0.2444744309769078,0.40918834557018174,0.26119814428460864,0.04027463395977176,0.04117859178129166,0.28669974682172744,0.15588453906733102,0.44634854326164963,0.2195742980641172,0.06741612348552177,0.11594693836657914,0.14911810026021446,0.34113147019610124,0.6797000578057357,0.0788136908197683
0.5329479548605427,-3.263365035160458E-17,1.9276791493544705,0.24636537749142634,0.4062344074333077,0.25947579158686457,0.03978855487680641,0.04358249794587149,0.2816326609065947,0.1352290511998495,0.4836887207471048,0.20311206221007236,0.052296110594347266,0.14960364089605302,0.33446696440610124,0.6030716601267305,0.9782173393105635,0.009421789093150041
0.5022953342330522,-3.0756718664757865E-17,1.9358866973073674,0.24806784067721277,0.4029261429479388,0.2573672888657366,0.03927657408193458,0.046383930680626066,0.2767802594769409,0.11768444591126132,0.509296442710704,0.18246500072416172,0.05644353415614781,0.1813620903769354,0.5828538045298217,0.889766644069925,1.3088204848492837,0.09152695288094669
0.47151612819994215,-2.8872035857320613E-17,1.943605995647784,0.24956398250810571,0.3992459324740929,0.25481436222809933,0.03876055326477475,0.04961594909752666,0.27225229623695907,0.10274743870231748,0.5210512950780039,0.15918858331086408,0.07771120040220174,0.21034843561214112,0.8699704368045487,1.1580843171036985,1.5461433459543306,0.379285946289845
0.4406182223655816,-2.698008478330031E-17,1.9508358597915183,0.25083885024574754,0.39517984227113456,0.251764221954091,0.03826540286650366,0.05331201344481155,0.2681573911874328,0.08987696903842046,0.517568181115456,0.1358782313943133,0.11185116852549182,0.23698124412916605,1.1619166318788012,1.361933659604847,1.6014655030487541,0.8180794355087752
0.40960950233434,-2.5081348296704494E-17,1.9575751051543715,0.25187980914812147,0.39071735628905,0.24816870087838755,0.03781917929280605,0.05750651395793103,0.2646029984709874,0.07853700940956294,0.49837083574660634,0.11606492453304132,0.15301355667532288,0.2626821712199225,1.41938168051699,1.4584449241201245,1.4711219564328926,1.2536136988203415
0.37849785371058675,-2.3176309251540665E-17,1.963822547152143,0.2526756533815954,0.3858525430905799,0.2439870220505443,0.03745276191499516,0.06223389235642154,0.26169247339863305,0.06824036110822639,0.4640167713607711,0.10399892664053736,0.19453958873266883,0.28932941269836937,1.6039911479417657,1.4192342719625037,1.2269131065693835,1.5165184823112048
0.3472911620986906,-2.12654505018163E-17,1.9695770012006317,0.25321884133320455,0.38058457323105305,0.2391890033156304,0.03719990698523794,0.06752959183564333,0.25952647833518894,0.05858601706335631,0.41615624350518776,0.1043345399419974,0.22990675747762188,0.31856657255820797,1.68594041772429,1.244461546984976,0.9612672437546914,1.5183984108393196
0.31599731310302087,-1.9349254901538925E-17,1.9748372827156373,0.25350375517089024,0.37491619843174506,0.23374967896909732,0.037096853509261174,0.07342992061990448,0.2582025425294141,0.049290566021989154,0.35752037008016035,0.12173707734995737,0.2536627709186367,0.35111064747435405,1.6509803555952656,0.9725930345981294,0.7334197311770556,1.286172027125506
0.2846241923279468,-1.7428205304716038E-17,1.9796022071129589,0.2535281130050624,0.3688554461467925,0.22765563899967278,0.037181295321633515,0.07997173616406164,0.25781311234456916,0.04021326095412216,0.2918265162944911,0.16044583251084912,0.26219028456346255,0.38621096763455515,1.5044469227431803,0.6778623558773436,0.558903487363415,0.9247570218184761
0.25317968537783764,-1.5502784565355144E-17,1.9838705898083966,0.2532919771447731,0.3624142871207054,0.22090415369953056,0.0374941936949972,0.08719329914592629,0.2584448020755216,0.031370304331809665,0.22361478349116648,0.22383249919711273,0.2541820919205932,0.42138964668931533,1.2706724920987182,0.4520546681320155,0.4447242054931929,0.553743367575622
0.22167167785706238,-1.3573475537463739E-17,1.9876412462177497,0.25279786286482375,0.3556081988938925,0.2135018997493031,0.03807827627418787,0.09513343182768591,0.26017976790686764,0.022936515235213107,0.15801283257171372,0.3139981380091296,0.23076071007860743,0.45255535520038026,0.9876250603717587,0.3751270839417425,0.42909951331540386,0.26227148888095086
0.19010805536999043,-1.1640761075049334E-17,1.990912991756817,0.25205195978785927,0.34845651222084867,0.20546654891112917,0.038977085532469945,0.10383410505842254,0.2630989643198802,0.015236203030344439,0.1004494240432869,0.43145173174930906,0.19522804068081362,0.4745328420381579,0.6982443434376076,0.48572700472506547,0.57834593159001,0.09452617396682209
0.1584967035209907,-9.705124032119419E-18,1.9936846418413983,0.25106299966641643,0.34098156211625635,0.1968240093812722,0.040236767111717815,0.11334038101300911,0.2672797324632716,0.008724322771359204,0.05633575478536311,0.5749024752174885,0.15250233299921712,0.4819597160410782,0.4410875579878654,0.764040461925148,0.934558764867724,0.055268590849027
0.12684550791443266,-7.767047262681518E-18,1.995955011887294,0.24984126916322133,0.33320895485703955,0.18761142739974293,0.04190440061291978,0.12369537647941527,0.27279121629440245,0.003956233323133745,0.03073492666766519,0.7411838298132234,0.1083377603227937,0.4704225168491504,0.2429297803968444,1.1349461778416383,1.458423631258884,0.12392766266872876
0.09516235415468528,-5.827013620743116E-18,1.9977229173103015,0.24840084578729382,0.3251671318092237,0.17787736471623916,0.04402871427179288,0.13494687751669657,0.27970470210093434,0.001548107846601387,0.02804348524521752,0.9253376559126433,0.06844911725085938,0.4376446752013037,0.11509695098170045,1.4915312679417663,2.021301320668903,0.2728433670350408
0.063455127846118,-3.8855059603117315E-18,1.9989871735262228,0.24675870707066053,0.31688823347768286,0.16767979796056406,0.046660744539256595,0.14714585763238605,0.2880879244017741,0.0021329286883338123,0.05170871594983541,1.1208519720256904,0.037675847451946784,0.3844764888924915,0.053895975452457744,1.7308903834090932,2.46051554804296,0.4825844576774956
0.03173171459309977,-1.9430071353948565E-18,1.9997465959508551,0.24493149472673534,0.3084027117899507,0.15708064773058952,0.0498524569347765,0.16034146600186264,0.2979975401858862,0.0063109819718609505,0.10400690528229499,1.3200028119635323,0.01933036209325326,0.3153343224843103,0.044442526392453836,1.7890893680799491,2.654053389307851,0.7418153694101953
