% Model,Janik_2021_1m_200Hz_modulo7_30stopni_6n_out.mph
% Version,COMSOL 5.3.0.316
% Date,"Jul 1 2021, 15:32"
% Dimension,3
% Nodes,249
% Expressions,16
% Description,
% Length unit,m
% X,Y,Z,abs(acpr.p_s)^2 (kg^2/(m^2*s^4)) @ freq=100,abs(acpr.p_s)^2 (kg^2/(m^2*s^4)) @ freq=125,abs(acpr.p_s)^2 (kg^2/(m^2*s^4)) @ freq=160,abs(acpr.p_s)^2 (kg^2/(m^2*s^4)) @ freq=200,abs(acpr.p_s)^2 (kg^2/(m^2*s^4)) @ freq=250,abs(acpr.p_s)^2 (kg^2/(m^2*s^4)) @ freq=315,abs(acpr.p_s)^2 (kg^2/(m^2*s^4)) @ freq=400,abs(acpr.p_s)^2 (kg^2/(m^2*s^4)) @ freq=500,abs(acpr.p_s)^2 (kg^2/(m^2*s^4)) @ freq=630,abs(acpr.p_s)^2 (kg^2/(m^2*s^4)) @ freq=800,abs(acpr.p_s)^2 (kg^2/(m^2*s^4)) @ freq=1000,abs(acpr.p_s)^2 (kg^2/(m^2*s^4)) @ freq=1250,abs(acpr.p_s)^2 (kg^2/(m^2*s^4)) @ freq=1600,abs(acpr.p_s)^2 (kg^2/(m^2*s^4)) @ freq=2000,abs(acpr.p_s)^2 (kg^2/(m^2*s^4)) @ freq=2500,abs(acpr.p_s)^2 (kg^2/(m^2*s^4)) @ freq=3150
-1.9590288481868066,2.6456355268131756E-16,0.4025930065966967,0.005393557036837623,0.005737052613728003,0.009821837425908956,0.006548530322950485,0.0022986046284395175,0.004786686414559771,0.028270668288906942,0.025580886811121438,0.010349055566859168,0.005267522363729976,0.0010430540850454991,0.014712570279068554,0.038782769598440583,0.019380703013479737,0.01686103847129468,0.022574498808625925
-1.9482109933665086,2.66269790745861E-16,0.4520936984628833,0.0051097403566777245,0.005427820330336856,0.009584268259730562,0.007169558657747684,0.002878121028248311,0.00556690255603997,0.03264206107916695,0.02886064029426303,0.009429525911145153,0.006304353390732143,0.0010996358946847103,0.017235334610064046,0.04740616343931133,0.026854995139173655,0.016517452847547073,0.015137831830383811
-1.9361433342550498,2.678052145357012E-16,0.5013043901062724,0.004870676726363376,0.005200153120050316,0.009610088642693661,0.008125826405016624,0.003613649112218088,0.0062957041392309124,0.03567574089741415,0.03082856948642375,0.00794442814471931,0.00804172248599358,9.974853854696339E-4,0.021019616766906203,0.04907600845067255,0.030919291052461193,0.015458588722539074,0.010452305739435173
-2,2.4492935982947064E-16,0,0.010459704539749806,0.012120859037060967,0.02181867310354372,0.011788661136048754,0.002692366289975425,0.009803088214231427,0.0326027290924285,0.017431798077764397,0.007826245902165553,0.004646368833195941,0.0024201730159661788,0.001116908574136516,0.007605253429981496,3.7072640411568865E-4,0.0024952235758777122,0.00784783609503166
-1.999354199189208,2.479526044254952E-16,0.050664932742515004,0.009307862278541358,0.010634008442204308,0.01880121545804306,0.010106070532060007,0.0023635585130969035,0.007671053197642976,0.02432090867110536,0.012362706221915015,0.0050279433665810416,0.002792396057619609,0.0012269600069979843,6.969396622948556E-4,0.003748890046079177,1.761037698483245E-4,0.0017619828949000074,0.004212747511086875
-1.9685920759470488,2.6268787555501953E-16,0.3528344189773254,0.005722923709573235,0.006125438987961906,0.010314607251612127,0.0062510350879947515,0.0018884892757360886,0.004109772694798662,0.023309226165383456,0.021267100663213672,0.010229568681857213,0.0055054294456021455,0.0011161695472341685,0.012033835459324044,0.03087459076443676,0.014243302198435238,0.013051784077497257,0.015143692920797069
-1.9974200119360954,2.5081603645040417E-16,0.1012967010191328,0.008378970621946024,0.009455886063079039,0.016470166149221373,0.008794673545595887,0.0020509408396536177,0.0060990180141023255,0.018851588713007707,0.009480361572901832,0.0036899846396750958,0.002181987936275447,0.0010390962110118371,0.0016067275405735183,0.009184135226125482,3.0798601869275015E-4,0.004167871977666485,0.0024487515253645365
-1.9768958538783394,2.606441345799152E-16,0.3028500400743816,0.0061012247198268,0.00659204636401236,0.011051161533995933,0.006256334921119283,0.0016494842131490105,0.0036878573397567706,0.01870670712667236,0.016559474412806176,0.00896760389740633,0.006364306720890734,0.0016274138320967583,0.008587456090685883,0.02722206217010159,0.010491486287489919,0.01164896500088227,0.006317710121066644
-1.9839353592117848,2.5843370496895306E-16,0.2526719743574779,0.0065358666674559356,0.007139417904141843,0.012020569963305095,0.006536731104276533,0.0015710598846536824,0.0036422083934902214,0.015417457075598643,0.01231769938233751,0.0069473185844677945,0.006492365302376524,0.0022287171034219458,0.005877257183963338,0.01864746529012081,0.006618036418298499,0.009552086279189928,0.0022514831360208195
-1.9942022610095576,2.5351828069124907E-16,0.15186320036024092,0.007641764908475422,0.008532366846309583,0.01467480031598664,0.0078102420026771235,0.0018014914118985716,0.004878605276670634,0.015366887156215862,0.008401402312254683,0.003660456076097546,0.0032523518156859833,0.0016531240781917564,0.00355057417109542,0.013053838347531741,7.589914023662225E-4,0.004057281712216942,0.008965573699672406
-1.9897057691784887,2.5605796193508146E-16,0.20233232629622677,0.007040995586661252,0.007777716540642596,0.01322047979646262,0.007061928202398957,0.001631572597793119,0.004039600223359625,0.014186059574512107,0.009397877224148941,0.004913550662521055,0.005200700156675474,0.0022697733002281207,0.0047194855494599505,0.01237636460147929,0.003665142501157816,0.007280340225844436,0.010914096660465718
-1.9228306936213246,2.6916844883788983E-16,0.550192977057251,0.004677075938309431,0.0050571160938682625,0.00990265095962869,0.009419311585201522,0.004482219276978874,0.006840537059499395,0.03696165061824721,0.031605444683525476,0.00645739057046488,0.009394158005850148,0.001035294649522804,0.025104595537968732,0.05463483333223368,0.03248280344074238,0.013321478984136229,0.018366556833152935
-1.9082780879837158,2.703581437166485E-16,0.5987273801547475,0.004530364702643384,0.005001538929451145,0.010459911682060867,0.011042190662466393,0.005454357244171292,0.007109806794526655,0.03647926223243401,0.031639447544386,0.005351895991487278,0.009872382561133397,0.001640472999938394,0.027326236964386356,0.06399760310977022,0.031164144232473868,0.012566557219547234,0.013148913117970644
-1.8924971258746808,2.7137382392748864E-16,0.6468766210023522,0.004430322400871622,0.005033430429282222,0.011269502369950382,0.012973198005307779,0.006495933503415984,0.007060833071809581,0.03455208562889175,0.03154465161493398,0.00471221455629264,0.009979892674829335,0.0027237814716156825,0.02790537814498217,0.06446987411783618,0.02654471621602728,0.009641403545697251,0.008861680414482235
-1.875501269041813,2.7221529381734966E-16,0.6946105808479152,0.004376428354700898,0.0051510198517965644,0.012311525780450324,0.015180643200249052,0.0075743890767730705,0.006704434384578492,0.03174179768485101,0.03191667095637809,0.00439245455508037,0.010634789296280332,0.003909789179896048,0.028403844116202098,0.06103838665425458,0.020867190315110022,0.008973442382725629,0.0025682943910739584
-1.8573025030989585,2.728821709169395E-16,0.7418990422661891,0.004368740339803548,0.005352029425131381,0.013562010114958185,0.017626986633836987,0.008663286040179899,0.006098403236377822,0.028701230873712298,0.03315351541137511,0.004180520901957646,0.012245090356752914,0.005240726748996063,0.028315515018143573,0.05924963778738499,0.012690720840384452,0.012353928055626765,0.0019881131225811277
-1.8379128136599663,2.7337407275696626E-16,0.7887117878319276,0.004407395868125871,0.005633190541978174,0.014992895191494776,0.020270653516985756,0.009746183131760885,0.005333429351466427,0.0260139903120375,0.03534053238371956,0.003943087094478732,0.014338153570691209,0.007260362620189005,0.0259113527622679,0.050856023644209734,0.005141406975034947,0.022513173508442893,0.002788160650017584
-1.8173441863386843,2.736906168681382E-16,0.8350186001198852,0.004492519889370281,0.005990422893459473,0.016573181268456437,0.023069097130807844,0.010819814185355513,0.004515187948370897,0.02406953530897725,0.038234764290481636,0.0036762292760010463,0.016064182489517336,0.01034187975869331,0.021336236499061877,0.039380543778641634,0.0019568508974474484,0.0392826799482971,0.0038924673351053334
-1.7956086067489583,2.738314207811632E-16,0.8807892617048146,0.004624231635022889,0.006418985358570776,0.01827032397081161,0.025982019265488498,0.011896055260763526,0.003745682759989847,0.022997576570817614,0.04134901904489282,0.003463419199320591,0.017088815358811908,0.01415887810492183,0.01627921918673175,0.032422555891445916,0.0049903287444342725,0.06123367918375362,0.016848748909647923
-1.7727187624042633,2.737961986385636E-16,0.9259937291528785,0.004802392236072267,0.006913399605350716,0.020050899810379202,0.02897430184106314,0.01300197267539322,0.0031068689428707433,0.0226712104389828,0.04410506806716319,0.0033996246073145606,0.018037916704269852,0.017989689927335465,0.011456019352486352,0.02487347194509798,0.015698262858215697,0.08032752712178304,0.02993573793201268
-1.7486904597752142,2.73585139051845E-16,0.9706034697824891,0.005025490006712608,0.007466101385671784,0.021877783721106478,0.03201373745055364,0.01417695648604813,0.0026493503111593014,0.02276814455692725,0.04599899056813994,0.003545297030032775,0.020055681331368886,0.021468393745769053,0.0065873598178357775,0.017788818386813062,0.03198869066381715,0.09220602685840387,0.05067134411636202
-1.7235403712716755,2.731985750656277E-16,1.014590577805327,0.005291514601482391,0.008068595821571012,0.023713781401193207,0.03507670625279305,0.015471428714413673,0.0023882872468729906,0.02287709957437815,0.04673983951631731,0.003940923543432836,0.023846148629001154,0.02480245688979954,0.0023135761005080467,0.018512562151713114,0.05188336521264468,0.08608354177994053,0.05224979015264762
-1.6972851693360536,2.7263683974630106E-16,1.057927147723504,0.005598367004311771,0.008712165281371453,0.02552400315734127,0.03815126913353161,0.016943533240916013,0.0023050852547509436,0.022613462401690536,0.04631487386372263,0.004667973892384403,0.029052374232239362,0.028156484728650375,1.3350984027234446E-4,0.024229518357836582,0.07009308453707548,0.06810405438873676,0.03414133888939817
-1.6699415264107549,2.7190026616025434E-16,1.1005852740391302,0.005943968978583527,0.009388165416210388,0.02727722287511177,0.0412400503666204,0.018654815880471586,0.0023548857806191025,0.021715158801774218,0.04496508451124642,0.005905328604772994,0.0345354253606172,0.031021395848182306,7.31974172936881E-4,0.03367511343345106,0.07977892182642957,0.038278474859954635,0.028983604896901254
-1.6415261149381881,2.7098918737387706E-16,1.142537051254318,0.006326373810462882,0.01008834833157661,0.028947038391186532,0.04436142873239332,0.020665645220616265,0.0024781664853630587,0.020099176201984644,0.04308999252491117,0.00792976711227423,0.039305121210518,0.03243722255316855,0.003914382714025657,0.0504891575216468,0.07880266187714005,0.017111153116468797,0.012302843576173604
-1.6120557314880626,2.6990395341198053E-16,1.183754602568621,0.006743831074233936,0.010805117033050938,0.03051267271590392,0.047550163511116676,0.023030773774732446,0.002614021556953185,0.017869347419631615,0.04111866222735943,0.01103983888300427,0.04327187745683314,0.031834591549931124,0.00956438138214531,0.06785743618198052,0.06621125119494338,0.017811050337170065,0.002579498883112595
-1.5815494045071954,2.6864526900807333E-16,1.224211380260012,0.007193552904432322,0.011529923271918704,0.03195498103203899,0.05085095829020366,0.025792431943987428,0.0027124346051887395,0.015277502386688051,0.039385899170068614,0.015427462076785449,0.047157450116167725,0.029483062880729903,0.01710610788345262,0.07884836560232338,0.0450510860732029,0.042537848717043525,0.019500099216023994
-1.5500280817863183,2.6721417497885995E-16,1.263882486573754,0.007671624736882647,0.012253118446360654,0.03325620016866028,0.054314938348088614,0.028976439196691427,0.0027444378578497675,0.012657319698296645,0.03806097066514091,0.021066210611619292,0.05166376218005598,0.026101821710153135,0.02458814208356635,0.0871490793161843,0.023525150157088146,0.08299436043653241,0.04650438390468059
-1.5175127725611612,2.656117253714283E-16,1.3027431169336665,0.008174269919563628,0.01296587202791479,0.034404442054479775,0.05800461545326003,0.032592888189877954,0.002707687018583038,0.010347479395020483,0.03713863855503694,0.027684726077689466,0.056634901065605175,0.02222833531735678,0.029701615558713167,0.09194679967811276,0.010101753652776234,0.1198391754441541,0.10794381484037746
-1.484024486067457,2.6383897423286645E-16,1.340768466763573,0.008697985734973889,0.013660438506414798,0.035394157162464655,0.06199109969049245,0.0366363161507068,0.0026267962264222766,0.008620192019670668,0.036479756707438776,0.034858654541011336,0.06091328423351454,0.018137081415351128,0.031386303934355396,0.08708802806508867,0.011495518994183383,0.13505790230915868,0.16432174812970277
-1.4495842315409369,2.618969756102626E-16,1.377933731487294,0.009239710698901647,0.0143304671995536,0.03622623538153062,0.06635279139073923,0.041087483402760534,0.0025488318695728817,0.0076330287005357145,0.03588499176858924,0.04219400050295592,0.06300258025118546,0.014343965174758985,0.02963594201905986,0.07593321163615029,0.028935710009818868,0.13688550769898952,0.2304379607274177
-1.4142130182173305,2.5978678355070446E-16,1.4142141065286498,0.009796996529755382,0.014971252326246473,0.03690788430609853,0.07117243425066001,0.045916756015100986,0.002535026365900586,0.007412405295755908,0.03517416294652316,0.04951906531747312,0.061992349868713534,0.012019548859135892,0.024523191660047905,0.06749800681208101,0.05703660315274778,0.13570620584684848,0.22093127359432416
-1.3779326159211198,2.5750957614329734E-16,1.4495852918938372,0.010367514795048256,0.015579095696243503,0.03745032917757181,0.07653136711346271,0.05108636190927223,0.0026501382561514497,0.007867889875432008,0.034245127206101345,0.05698417535558356,0.05802999214781484,0.012800112727287644,0.016676204162502456,0.06568150580283015,0.08576573938837194,0.15886069084006688,0.13067976043768043
-1.3407673246959737,2.5506699627182356E-16,1.4840255178237938,0.010946999547395071,0.016148449201355275,0.037862039987494586,0.08249319481532183,0.05654651019158383,0.0029513626684744476,0.008829789643500367,0.03309890514231085,0.06500033979611958,0.052044460192555916,0.018199877761096557,0.008388335533399488,0.07061791657002647,0.1042827432761128,0.20190945223082327,0.139758099967839
-1.3027419491180703,2.5246079517610045E-16,1.5175137750827865,0.011531033186692234,0.0166743637326056,0.03815394622934489,0.08910917414547828,0.06224501303990958,0.0034791740187553525,0.010099745852937188,0.03183893615591597,0.0740391082433004,0.04503345781365479,0.029211274282458885,0.003026643119209852,0.08188183222885889,0.10810973794898163,0.2481458964163114,0.09532027505266599
-1.263881293763588,2.496927240959457E-16,1.5500290544350854,0.012115816105442316,0.01715350172497251,0.03834081120400671,0.0964203203261965,0.06813415405912025,0.0042506726368865735,0.011499140690448242,0.03064143241309886,0.08436516437257736,0.037502153713901705,0.046362931770935,0.0030768355386013857,0.09899449329628583,0.09877258008879307,0.2612830332198028,0.10586790298229257
-1.224210163208706,2.4676453427117685E-16,1.5815503466449576,0.012698280010458855,0.017584228973617545,0.03844065175804397,0.10445477464933067,0.07417562843000161,0.005256798075264153,0.012905652878003172,0.029715572017458478,0.09581860231325337,0.029476143679347266,0.06994507174005592,0.009176315093412825,0.1194263864714345,0.07937768855710053,0.22616758337994322,0.06406951273502288
-1.1837533620296032,2.436779769416116E-16,1.6120566424766731,0.013276308097699401,0.017966762879368943,0.03847425105677179,0.11322893038551492,0.08034412180356823,0.006463615188791643,0.01427126466257631,0.029268984576056648,0.10774702981787404,0.021000459422668726,0.09995281957435907,0.020586439934809353,0.1334315699639303,0.05559303616362312,0.1596035942312499,0.07232799480341986
-1.1425357879964748,2.404348185232486E-16,1.6415269941523143,0.013848733703044245,0.01830307590960365,0.03846420293475824,0.12274551566441234,0.08663015032105402,0.007817347916509464,0.015619784994114623,0.029487533787964364,0.11912293178182336,0.012650092046512627,0.13568236023695399,0.03541436759665795,0.12911897548961349,0.03402649806052094,0.0898700465355775,0.11201799862509194
-1.1005839889024345,2.370371450327812E-16,1.669942373323565,0.014413110045489326,0.018594051184467466,0.03842834464260176,0.13297727378426777,0.09302934521079637,0.009250990964979163,0.017025333244903566,0.030527633477122715,0.12878920368747193,0.005598122856203648,0.1753500108245071,0.0501190715211287,0.10602067569825917,0.01751249096952893,0.0540191408414101,0.08981301634449929
-1.057925841555573,2.334873419025725E-16,1.6972859834411278,0.014965387618698473,0.018839021501651967,0.038379178729484154,0.1438619485236765,0.09953824026781061,0.010693197314068537,0.01858237253265237,0.03251923044945925,0.13575163382556737,0.00116228845215794,0.21614438260410537,0.05992416765784969,0.07366453127868774,0.006183178889198392,0.05103305615167126,0.12312635311668964
-1.0145892514537795,2.297878056778281E-16,1.7235411520625963,0.01550223932513481,0.019038622274740055,0.03832929625584292,0.15531930289553905,0.10616293856356215,0.012078090948771183,0.02037408976316849,0.035576084638562495,0.13942266429322006,1.577916136171381E-4,0.25475647295507775,0.06097353058191929,0.04001431905112009,8.588014877711814E-4,0.06590706407638082,0.15497849142736853
-0.9706021240949423,2.2594093290375317E-16,1.748691206745563,0.016021293130058775,0.019194952472012326,0.03829124220447477,0.1672554659565162,0.11291804197483304,0.013353473001817676,0.022444607952345444,0.03979681494167136,0.13970895473277073,0.0025111963272930133,0.2879697359089686,0.05257347659932475,0.012235416558705397,0.0017232710276496187,0.07504517352684788,0.1631556320305181
-0.9259923649769504,2.2194912012555332E-16,1.7727194750476216,0.016521284396526538,0.019311592139881702,0.03827724578876108,0.17956709295676862,0.1198246919115738,0.014486911531672586,0.024781830646171427,0.04525605046516219,0.13693716205673506,0.007377384859583421,0.31292909924706624,0.03753307456665438,1.9991486996153988E-4,0.006273222924484583,0.06652629648487422,0.12339799658767724
-0.8807878798886003,2.1781476392605784E-16,1.7956092845589942,0.017002186542971233,0.019393565565326346,0.03829905138547753,0.19214664508545432,0.12690803942613388,0.015468901240625365,0.027313496804712803,0.05198725478320103,0.1316678945292587,0.013628617466117272,0.32709019242055254,0.020687875462272822,0.007775837128850323,0.011183806162484548,0.049057603758184805,0.04323390731816011
-0.8350172015594122,2.1354039069432553E-16,1.817344828885059,0.017464098644024508,0.019445997355043907,0.038365230638828726,0.20487529356934364,0.13418674729256172,0.016311999088694067,0.02991443408453575,0.05995965139437902,0.12447664974083178,0.0203528705854395,0.32819696546016386,0.007120852766385058,0.027204307781274587,0.013492045451009101,0.02958516640184094,0.0046749866076407085
-0.7887103734450381,2.0912890281045669E-16,1.8379134205786236,0.01790415422731552,0.019470696088776194,0.03847497337436142,0.21759280851066853,0.14165013440033974,0.017045941110313725,0.032421705326247205,0.06905345031885299,0.11578917559534564,0.027061069796259787,0.314652875534376,9.059554094309494E-4,0.046463036183371074,0.010830039883626451,0.014514058700098536,0.009556728729862138
-0.7418976129707234,2.0458326693458004E-16,1.8573030740258392,0.01831969712052217,0.019469671595570025,0.03862525605091718,0.2301321553197078,0.14927285867582568,0.01771442285828311,0.034662499503847186,0.07906033683701638,0.10585249873329346,0.03357901424836751,0.2863332306180056,0.004045252522079386,0.05556083539345579,0.00460976600081412,0.006229884165346439,0.02702298965292706
-0.6946091375617155,1.999064497268247E-16,1.8755018036128592,0.01870914466100592,0.01944600740348603,0.0388126517696928,0.24233082625995706,0.15701894967478408,0.01836907397963331,0.03648030006146285,0.08969737429094521,0.09479447396841824,0.039841852545142026,0.24528410723052896,0.01544170095399948,0.04799588482312927,1.8711056769843634E-4,0.0018528029552692558,0.02702572965066765
-0.6468751646432604,1.9510141784731943E-16,1.8924976237258353,0.019072099065865405,0.019403818347404476,0.03903363026608397,0.25403715840907853,0.1648424955014125,0.019062357637568035,0.037756990486698304,0.10063555675724226,0.08274108283154027,0.045853693729836255,0.19580743927991207,0.030678070857772605,0.026393921805414514,0.0031340731886057033,3.317064466042969E-4,0.011118997659413637
-0.5987259116406043,1.9017113795619327E-16,1.9082785487509197,0.019409427643744245,0.019348229879348398,0.03928491986748454,0.26511660853961727,0.1726892226311125,0.019840822710843076,0.03842777431511337,0.111539241890099,0.06993518240704594,0.05189782559808308,0.14375731163252445,0.04343588462141718,0.00619537223492882,0.019989501869549255,0.004315297257883083,0.01086350553086656
-0.5501918135142684,1.8511862777457802E-16,1.9228329918931768,0.019722733958108415,0.019284791023281126,0.03956271822944175,0.27544994139624795,0.18049509757402887,0.0207389231268627,0.03848622441137843,0.12210550027373733,0.05680271867286195,0.05883783539366435,0.09532568962075644,0.04830656625653568,0.006362632122870899,0.05729892481452501,0.015825002510393867,0.0738864406426202
-0.5013043646841634,1.7994722065446024E-16,1.9361524020819239,0.020010524832993842,0.019215682062429434,0.039855603520874756,0.2848900401625044,0.18815860870259246,0.021771650436904915,0.03797647718485741,0.13208270328545016,0.04393866498127163,0.06822262632024392,0.055838121158817304,0.04359787753117609,0.03564265842537829,0.11290143243329179,0.034103636438627336,0.11649062806383331
-0.452095283716506,1.7466036262225569E-16,1.9482296200669431,0.02027055102746068,0.019142094629260416,0.04014987349403381,0.2932894704840852,0.19555924514436798,0.022934105708650523,0.036987681710813035,0.14130144680508303,0.03203498366980224,0.08201035511618354,0.02897602547608557,0.03259874717544798,0.08865099194167944,0.17365153289987964,0.05382733636600396,0.2785811489233899
-0.4025962830090817,1.6926149938057327E-16,1.959057493646708,0.020501746064392135,0.01906606722774541,0.04043354998962103,0.3005254374106531,0.20257561186541484,0.02420283865985341,0.03564239294444004,0.14968984801469004,0.021755414291991796,0.1019294398073358,0.016466839090738362,0.022606476225004286,0.15016700212215617,0.22249749751785008,0.0649666246892851,0.32890694319203145
-0.3528390749596737,1.6375407663202145E-16,1.9686288706196915,0.020704275870137585,0.018990459104797238,0.04069683634322699,0.30650628383874795,0.20909171487209627,0.025537932559633266,0.034080749393389315,0.15726789602556515,0.013601916876390605,0.12872768371734106,0.01811696050299635,0.022208683145393118,0.19988462370468266,0.24307564719595565,0.062296370384207,0.27340051212699173
-0.30285537196606943,1.5814154007920929E-16,1.9769365987843663,0.0208794995322882,0.0189188824003306,0.04093250032108758,0.31117424577677844,0.2150025672497505,0.02688690527914775,0.03244527413672369,0.164129027463453,0.0078151941467713,0.16164221401652962,0.03202470978085581,0.038072940813381896,0.21859551851343348,0.2276395939146567,0.05153297030684361,0.2664788785951861
-0.2526770160130237,1.524273743549581E-16,1.983973902543887,0.021029452245141377,0.01885527258667827,0.04113519413385287,0.3144996899466551,0.2202152733475436,0.02818923814331851,0.03086784682129934,0.17041042984624458,0.004333188516970104,0.1983161009883215,0.0549132637727343,0.07247943329266762,0.19772551838416627,0.19007862613943652,0.041334932025925794,0.25869962674767444
-0.20233640635318886,1.4661531559550793E-16,1.9897369991281406,0.02115304798213168,0.01880033711086867,0.04129437614768727,0.31643232825647316,0.2246176849827074,0.02937796359446965,0.029457759603817992,0.17624398863800483,0.0028136283778571443,0.23517488385335317,0.08259168291038525,0.12227311565579685,0.14550683549053922,0.16149606465257063,0.03435243571296779,0.24418760733555048
-0.1518659754283265,1.40709190543484E-16,1.9942235191033586,0.021248365942310634,0.018753738565222496,0.041399327635491104,0.3169308973040267,0.22810330566152498,0.030387728009470302,0.02830097894743503,0.1817410592091033,0.002709688031578994,0.26814033287152816,0.11054718357397567,0.1793570445618765,0.08315871543500784,0.16368517352915266,0.03128268708337992,0.19022379361393502
-0.10129814773207979,1.3471282542716291E-16,1.9974311005320613,0.021314703805455148,0.01871592245576601,0.04144316415025933,0.3159886441121781,0.2305885801879605,0.031162456342046396,0.027462202229034897,0.18698284216536715,0.0033780241358297718,0.29342783035349873,0.13458728226830538,0.2325864100965147,0.03409341616337576,0.1893932825964177,0.03674911142154044,0.2635417540133355
-0.05066534775809052,1.2863004647482121E-16,1.9993573814767684,0.021352459653440303,0.018688031416543745,0.04142282548719719,0.31363368918725243,0.23202134297182775,0.03166051715923488,0.02698667515379989,0.19201439682899302,0.004197448848203156,0.3082250350980679,0.15136040044886545,0.27061168758739396,0.013803356054465737,0.21060332969419993,0.0487662838938524,0.32297178043880176
1.2246467991473532E-16,0,2,0.02136330036442083,0.01867204142163367,0.04133938577398188,0.30992481616830825,0.2323804409609741,0.03185904975215743,0.026902321349026082,0.19683403752596682,0.004677275557103539,0.31107650349937255,0.1586955343135624,0.28515219462011815,0.023754978950416047,0.20392379519219808,0.05473325099675167,0.18970735087038798
-2.38587035708998E-16,-1.9482109933665088,0.4520936984628834,0.005077601655093477,0.005299748730148713,0.008430898664352336,0.005071966838946321,0.0018778971985824538,0.006488426627679569,0.025828403945586255,0.014113534119672899,0.007568225202742858,0.009856903786250173,0.004401071787122055,1.9198337573269095E-4,0.05982962523228376,0.06943209985593664,0.05053971331526353,0.004088555688346307
-2.3710917369859306E-16,-1.9361433342550498,0.5013043901062724,0.004840910919446962,0.005079759702933601,0.008465456988162381,0.005200327704627574,0.002386391354359655,0.007349847272371492,0.02816323817825188,0.015475332381258432,0.006806045827848062,0.012617572980318207,0.004721519309648473,2.797078174891041E-4,0.06433691110727356,0.06340051750514825,0.06422131262994364,0.0047931997805350825
-2.399118408369299E-16,-1.959028848186807,0.40259300659669695,0.005358702354111343,0.005599055462245497,0.00862553029624623,0.005100077956610248,0.0014793549476458578,0.005580855926902155,0.022429834348502216,0.012252685526130644,0.0078785331727888,0.008152628234764394,0.003499422681342153,4.7999654699112037E-4,0.04874355533971332,0.07187728910717103,0.03237638179301666,0.0013289798500323463
-2.3547884542456405E-16,-1.922830693621325,0.5501929770572511,0.004649324243654659,0.0049419433615413375,0.008732388311322897,0.005476468384009455,0.0029825453996302504,0.008013607564335798,0.0291097204512419,0.016328105936198174,0.0059431659481376745,0.015070764706652485,0.004518696384328417,0.0010010608939033316,0.07977086451356083,0.048073859532087475,0.06624608328224159,0.007298306347853854
-3.6739403974420594E-16,-2,0,0.010392326091853902,0.01181828596142219,0.019042663537774594,0.013217158835680939,0.0019758170606977116,0.011389587199357586,0.02651833583978814,0.008550204713695587,0.005227298809440971,0.00571411787292276,0.002353744462338162,0.0014513043229752347,0.00830893216708394,0.007013210161585457,0.011036940502892703,0.011886598427949119
-2.4485027203988827E-16,-1.9993541991892076,0.05066493274251504,0.009246788763951522,0.010365545906316564,0.016396757817412348,0.010695273948834655,0.0017533091474265059,0.008899122688824123,0.019706771072252292,0.006014938471902057,0.0033602283141600316,0.0034577480567204786,0.0012635777335733807,8.263305351442257E-4,0.0030236289377339595,0.0042813262026816816,0.0073469678990591755,0.0016369781708254635
-2.4108299846353963E-16,-1.9685920759470488,0.3528344189773255,0.005685075108771592,0.005975394474199958,0.00904220588168735,0.00529215956737165,0.0012056164394712587,0.0048013286132255265,0.01855704659273644,0.010051525183241138,0.007483588805765885,0.008100747721668593,0.0027592764596144855,7.161577032039986E-4,0.02969493465233347,0.06315628002709801,0.019166490108195287,0.002492683721708355
-2.4461340241704075E-16,-1.9974200119360959,0.10129670101913288,0.008322874331662249,0.009215366821275602,0.014359999594803058,0.009024173222916638,0.001509150028390196,0.007083685556097325,0.015260815942608497,0.0046296630826231965,0.0025202627906590557,0.002752136611864673,0.0011275417218965507,0.0013667550854334686,0.005073857985581546,0.01447317417665567,0.011238119041922996,0.0100406466354
-2.420999179699782E-16,-1.9768958538783399,0.30285004007438165,0.006060171980688035,0.006428017375222125,0.009671259561089036,0.005654000307042054,0.0010615858752587423,0.004319125312268705,0.014959302585972738,0.007794408440345038,0.006380393425464648,0.008788477040969949,0.0027080779580841373,0.0010161537848557055,0.017341395286720275,0.05990762809960315,0.009980534027821186,6.33216587735527E-4
-2.442193415797769E-16,-1.9942022610095578,0.151863200360241,0.00758990607284903,0.008314938547118157,0.012798162763504097,0.007831172786225188,0.0012923304927110215,0.005684127989875124,0.01243359153306292,0.004100352967673361,0.0025431632113177612,0.004136091714281236,0.0019597514978409434,0.0025815540854778416,0.003977499808116155,0.027251775823320487,0.002673190463017288,0.007324234208886355
-2.429620087373966E-16,-1.9839353592117848,0.25267197435747796,0.006491422752411258,0.006959573401654014,0.01050377084643256,0.0061906371513814765,0.0010409500751997122,0.0042688135615563914,0.0123931889253747,0.005836716453683667,0.004862687731852566,0.008567160593460924,0.0029815319847655355,0.0017818572112738985,0.00775863955037561,0.056438559886362476,0.004657453923581523,0.0011686570655617015
-2.436686801469458E-16,-1.9897057691784887,0.20233232629622683,0.0069929719444315735,0.0075801907996958075,0.011538601659438152,0.006909618342758624,0.0011265047682250627,0.004724252565842391,0.011454161693269314,0.004524298617401524,0.0034207858269286306,0.00668726772327694,0.0028104256629301228,0.0027127318812545918,0.0014941398284937315,0.0401118389248564,0.0011844237569330882,4.837591627529561E-4
-2.3369666523322894E-16,-1.908278087983716,0.5987273801547478,0.00450422453502836,0.004889086932828984,0.009230431395680149,0.005891471641296182,0.003639917884915114,0.008371736432141461,0.028647450423784634,0.016800601213996503,0.005267732014081004,0.016456956017847014,0.004540440285629821,0.0018471886161172159,0.09563989858108644,0.0244599483407463,0.06433106549182352,0.006430485189876098
-2.3176405475979935E-16,-1.8924971258746812,0.6468766210023523,0.004405397805772635,0.004921175162314991,0.009949519023866614,0.0064342385309539415,0.0043304860749281485,0.008368945788308218,0.027023919041099714,0.017115857504498337,0.00491795687270733,0.01726405181965518,0.00517792850296805,0.002373330983193565,0.09852710168445568,0.007862110810383877,0.0497973811433615,0.0031230972061608393
-2.296826625928855E-16,-1.875501269041813,0.6946105808479152,0.004352284396857927,0.005036531920587691,0.010873062724199365,0.0070948424683730275,0.00503006551707353,0.00800885703591034,0.02467114061669421,0.017531180191117733,0.004897600402344048,0.018657385024931153,0.00604376873398938,0.002899122211299034,0.10035602388804954,0.0015237961488107103,0.04057220042029003,0.0059384949344477595
-2.274539565468507E-16,-1.857302503098959,0.7418990422661892,0.004344923903033976,0.005232979549025152,0.011981058595342353,0.007866079698174102,0.005722155809866398,0.007347865207833093,0.02209285595587749,0.018262602698636023,0.005139395899736211,0.02132441572556234,0.006692197247977027,0.0038971492704795337,0.100235718648285,0.016630736031720925,0.03598259505114982,0.012496894773952369
-2.2507940443605844E-16,-1.837912813659967,0.7887117878319279,0.004383431220925329,0.005507408613882899,0.013249958640611067,0.00874352601069646,0.006401052437684669,0.00648067316524458,0.01974143297993314,0.01941953868975259,0.005568150626175519,0.024849819283463272,0.0073861758071029765,0.0053748937391068195,0.08451893594771216,0.05279869879645421,0.05372380267320872,0.026110557454057447
-2.2256047407487203E-16,-1.8173441863386839,0.8350186001198849,0.004467941849560809,0.005855920012338973,0.014653669735290302,0.009726024341485584,0.007074063929087104,0.005521411956472416,0.01792281190968536,0.020970406363217182,0.0061311115393715,0.02816766495796736,0.008916844777944273,0.006988857115319642,0.06401000753746197,0.11022656238503446,0.08341940538423871,0.029767481324191766
-2.1989863327765505E-16,-1.7956086067489585,0.8807892617048148,0.004598590787060144,0.006274009144887132,0.016164700773372367,0.010815949698989372,0.007762420637141251,0.0045835387238798994,0.016747179446524294,0.022750262266057024,0.006799665302035193,0.03065164802064063,0.011751963700003951,0.008582678890796176,0.050952526486278356,0.18105130631222102,0.1291556074321034,0.04738495482412166
-2.170954358166838E-16,-1.7727187624042633,0.9259937291528785,0.0047752467235537815,0.006756452335647342,0.017754649374503415,0.012018818897345093,0.008500492538539697,0.003761727140835875,0.01613193004355522,0.024508401273083895,0.0075663586656265725,0.032841768089695654,0.015534654777904116,0.010645292326948646,0.0367935040677219,0.24229908047779017,0.15846846716184942,0.06298003276306571
-2.141528174263229E-16,-1.748690459775214,0.9706034697824888,0.004996437732260318,0.007295987556331018,0.019391773375552798,0.013341077943674255,0.009332782051655763,0.0031187769062697847,0.015848285724459538,0.025976365618899593,0.008453882233853018,0.036130078126246516,0.019513667183805046,0.01382438006295322,0.019824362818007188,0.2892198543735813,0.17583680262922644,0.09316009402238955
-2.1107281988790977E-16,-1.7235403712716755,1.0145905778053268,0.0052601958677451,0.007884438788644385,0.021043994912773034,0.014791364845799944,0.010311550405155882,0.0026801778271782063,0.015601217206864285,0.02694240408048416,0.00953935083679411,0.04166022187524813,0.023415638537482984,0.017874800917097835,0.010081337905618057,0.3013104743529668,0.15190148403208104,0.10428899510538395
-2.0785748498676713E-16,-1.6972851693360533,1.057927147723503,0.005564473062116106,0.008513419496045518,0.022681080792211664,0.016380743117778464,0.01149316311751916,0.0024346799906235688,0.015115287374633449,0.027306095768581805,0.010980905237402219,0.04939706908994847,0.02771282769050713,0.021699633109452086,0.006859036458234108,0.2692947039377844,0.11558925019202818,0.10079077240161345
-2.045088545082177E-16,-1.6699415264107553,1.1005852740391295,0.005907237687410534,0.009174606738177282,0.024275781414602793,0.018122696637255364,0.012933839278448492,0.002341156160528842,0.014204881507232966,0.027096055352275536,0.013021302628410392,0.05817512471773081,0.03290386849752328,0.02463494939060752,0.007063566142833176,0.21335878489410773,0.07120267941499842,0.1717677159761018
-2.0102897023758422E-16,-1.641526114938188,1.1425370512543176,0.006286585762025528,0.009860047348925425,0.025804882577539278,0.02003325476802931,0.014685556372634027,0.002340147530512264,0.01281472073364623,0.026450866670597133,0.015951518371585188,0.06666453433325784,0.03861394431036442,0.02716298034107584,0.017456435962857945,0.14222967803326164,0.03135495884013745,0.10943668938572285
-1.9741988916140007E-16,-1.6120557314880626,1.1837546025686203,0.006700810862931078,0.010562407985003755,0.027249917636870336,0.022131044962657283,0.016792454705692,0.002367647382231422,0.01102431797491967,0.025573911642704544,0.020034396128877873,0.07439207166618618,0.04358694227797654,0.029897987177383255,0.03746793439167468,0.07618921813865615,0.009512617785057591,0.058690216720913825
-1.9368394159231404E-16,-1.5815494045071958,1.2242113802600116,0.007147177746878184,0.011273413466822042,0.028593594152020407,0.024434162142396215,0.01928581466461341,0.0023683539818685176,0.009018821320588786,0.024677200682965948,0.025408283734289095,0.08192489045105607,0.046612425187777515,0.032162007267422875,0.05870578068041734,0.032529169788749084,0.004187474337439223,0.011249739518341895
-1.8982369289481265E-16,-1.5500280817863181,1.2638824865737528,0.0076218402927076415,0.011983706611175125,0.0298196126710195,0.026959386289353075,0.022181442955477484,0.002307007106228587,0.007040703660608189,0.023940854596906612,0.03201818446535551,0.09008989265448153,0.04737747395744843,0.03238613801405282,0.08522838794022025,0.009914192570824956,0.018698658918661126,0.030151946766257
-1.8584171595822517E-16,-1.5175127725611615,1.3027431169336658,0.0081210676787814,0.012684668015037788,0.030916675360259906,0.029725098391848948,0.025480850805645258,0.0021752843390233693,0.005334022127461385,0.02349405469424844,0.0396114627100695,0.09892145391155747,0.046327872505413516,0.030167252254553665,0.12222589836763793,0.0071285829441771744,0.05333455008205487,0.06340880685255079
-1.817405836718807E-16,-1.4840244860674572,1.3407684667635724,0.008641410102400276,0.013368749321868845,0.03187897521406793,0.032751953402545275,0.02917245396528725,0.001993266813230292,0.004093513877258358,0.023415440621914228,0.04781425431728573,0.10720769143871109,0.04376644540729702,0.02717509460683885,0.15495638137556786,0.014742778781367523,0.09702975196183271,0.11956770022145367
-1.7752286892510839E-16,-1.4495842315409366,1.3779337314872937,0.00917985342897513,0.01402973439974971,0.03270635483329323,0.03606372966746389,0.0332342111743194,0.0018058042421876563,0.0034310952040220908,0.02375000287592669,0.05626951328325762,0.1129989369145105,0.03932429603333331,0.025553816601214648,0.17078854350624664,0.025228340834350365,0.11252451013468857,0.056334082207025786
-1.7319114460723715E-16,-1.4142130182173303,1.4142141065286493,0.009733988191825865,0.014662996746523197,0.03340428417311336,0.03968831596788904,0.03763749283553348,0.0016746717245254713,0.0033653009574024562,0.02453216884947986,0.06478057253428839,0.11465656252398546,0.03257171639304455,0.026084696214480247,0.17966272986946386,0.03514501430224075,0.09052429105471434,0.026937632305228262
-1.6874807675285392E-16,-1.37793261592112,1.4495852918938372,0.010301517051514488,0.015264866807344783,0.03398184435272682,0.043656644995099386,0.04234993013095335,0.0016679917501994624,0.0038326985609461336,0.025804026612689896,0.07338961386343526,0.11163366169606301,0.024274733579860285,0.028635749017359675,0.18674041249684536,0.03910534027889363,0.037913370755438346,0.03666539880070514
-1.6419664125902846E-16,-1.3407673246959735,1.4840255178237933,0.010878221897981974,0.01582986022415923,0.034445594216540615,0.04799503987103214,0.04733272256812536,0.0018488097718667104,0.004715513807991466,0.027621232609430894,0.08233730481047043,0.10447459447195755,0.017005298616934353,0.03398695591762952,0.17799134075215622,0.0380659472963698,0.005298919156331928,0.047612216435926585
-1.595398758102429E-16,-1.3027419491180703,1.5175137750827865,0.011459740057658183,0.01635306521128412,0.034804362772067304,0.052729911615493695,0.05254853870071364,0.002265015168499401,0.005877354363096454,0.030052567730388557,0.09192348161345573,0.09418839080901392,0.014406595665446805,0.044063793661567936,0.14984951025146304,0.032013303433946316,0.043636573837281915,0.13179203196751757
-1.5478081809097943E-16,-1.2638812937635884,1.5500290544350852,0.012042296179301772,0.016831120719701068,0.035070541758541976,0.05789020715225393,0.057967217129278055,0.002941647674207041,0.007197066622241582,0.03317039148373885,0.10230951833148344,0.08156617650224739,0.019776688079427444,0.059773407611784145,0.11887498743746222,0.020571297805803225,0.15407863061925844,0.20137092894016764
-1.4992250578572022E-16,-1.2242101632087068,1.5815503466449576,0.01262285924183528,0.017262349856490312,0.0352596621769006,0.06350713891564569,0.06356910147321368,0.0038769726910528397,0.008593938460602215,0.037039962624219075,0.11334565655164852,0.06701247543513902,0.03526235779217813,0.07900028268558426,0.09498470772389474,0.009663637187883559,0.2691745032458323,0.0752562683260628
-1.4496797657894727E-16,-1.183753362029604,1.6120566424766731,0.013199299189167455,0.017646860784117754,0.03538990972739144,0.06961421198051584,0.06934783405900866,0.005042770567885081,0.010039557233384722,0.041713851467252136,0.12450222103058259,0.05096010200646826,0.062112955556712916,0.09730695054783982,0.07234417957121599,0.005972484588417635,0.3110431200209214,0.05511130826862936
-1.399202795681183E-16,-1.1425357879964753,1.6415269941523147,0.01377047860708268,0.017986523617542768,0.035481387130022926,0.07624863577148032,0.0753115369816843,0.0063885544956710965,0.011555208407809792,0.047233696256395445,0.13494026645931612,0.03443912438126181,0.10110881292790197,0.1105460558557188,0.04714827099965872,0.014462161951372692,0.26532339021120277,0.05738318034593642
-1.3478266592021934E-16,-1.1005839889024347,1.669942373323565,0.014333945177803623,0.018282108851485106,0.03555009811378782,0.08343783866214426,0.08147278115686739,0.007847946596504547,0.013195635076380588,0.053631596016820327,0.14368444173875874,0.019254895454551266,0.1520270885647367,0.11636914328351487,0.025097265275368114,0.03575688252915055,0.16052930525420303,0.05910225958285696
-1.2955854955963037E-16,-1.057925841555574,1.6972859834411278,0.014885683940348293,0.018532887726010364,0.0356073031299399,0.09119584767123082,0.08784295830279465,0.009347453476157527,0.015026869349200325,0.06093250344551535,0.1498509461238794,0.007560643993159771,0.21220010902957498,0.1134779513489433,0.011148614503857894,0.06225937656723407,0.06784613116126582,0.14414822092501892
-1.2425134792421811E-16,-1.0145892514537802,1.7235411520625958,0.015422377453607604,0.018739406576243803,0.03566458129772637,0.09953062240565237,0.09443921378548913,0.010816442882721208,0.017103013135777518,0.06916093778772453,0.15285793517119253,0.0010741384780507519,0.27555402684130487,0.10075449398076539,0.003787844036534397,0.08171806282494783,0.018630204060229007,0.18287785771931428
-1.1886447845184938E-16,-0.9706021240949424,1.748691206745563,0.015941664928038442,0.018903680218201026,0.035733617949798964,0.10844498762483189,0.10128240661821722,0.012195976410107869,0.01944590891082266,0.07833537880416379,0.15251868756715883,4.3276002426238076E-4,0.3333932602368121,0.07841914623910708,0.0010238967159190986,0.08251118462814981,0.0031454342659510176,0.179745774830741
-1.1340135858039104E-16,-0.9259923649769504,1.7727194750476216,0.016442276914723955,0.019029173064841535,0.035826010228325336,0.11793617033573958,0.10839458890338496,0.013445753631388302,0.0220324849046822,0.08845354163539844,0.14900672586839886,0.005059282912514269,0.37677966351341335,0.05020084008948136,0.0037895881474555738,0.06012106486616973,0.003320663893781518,0.27800449581581665
-1.078654057833358E-16,-0.8807878798886003,1.7956092845589942,0.016924174583147517,0.01912080278686695,0.03595308790294299,0.12799728927894757,0.11579691973268046,0.014548214093714484,0.024791756706856814,0.09947200212036346,0.14272461567017744,0.013527791035969235,0.39904132398513403,0.02348564770918962,0.010413402688385615,0.026903095172551704,0.0053457969607736385,0.2542035889057875
-1.0226011431227148E-16,-0.8350172015594123,1.8173448288850593,0.017387429874212053,0.01918357572726387,0.03612338330586823,0.13860965418036064,0.12350061262439849,0.015508706437110165,0.027609732325468515,0.11128041871528066,0.13413576096373608,0.024109692070543476,0.3970059031086448,0.0063344679315747235,0.01507058184349491,0.007124530920410145,0.00793375435375643,0.21508602287529346
-9.6589163429378E-17,-0.788710373445038,1.8379134205786236,0.017829202416293117,0.019219282962367967,0.03633675323262147,0.14971914182368898,0.13148546496292443,0.016351317187982873,0.03034025117293675,0.12367281409657478,0.12363214262582138,0.035156510767778155,0.3708225323752526,0.0035775551981189024,0.014669939982962265,0.017715113896534698,0.011902373211827365,0.06016869380633073
-9.085625370196587E-17,-0.7418976129707233,1.857303074025839,0.018246832817861616,0.019229900605359968,0.03659102731101047,0.16125511508778553,0.1397137689795562,0.017116019142105768,0.032826919661032135,0.13635680899630095,0.11151713815383513,0.04521680430495073,0.3233963225751944,0.014815427667239976,0.010829264521424168,0.05775589190701332,0.014997006613391053,0.04926588346782288
-8.506508569734588E-17,-0.6946091375617154,1.8755018036128586,0.018638726980651454,0.019218470824085863,0.036883628530953456,0.1731365908614323,0.1481345678031196,0.017852818473564024,0.03492438754374578,0.14897235167879327,0.09805442663829723,0.05304351684153204,0.2601229806949193,0.034974942637381636,0.005363030827419645,0.10980304083571608,0.015554087730913121,0.023080603080202544
-7.921935998282864E-17,-0.6468751646432602,1.8924976237258349,0.019004469566949227,0.01918907727038347,0.03721181937766451,0.18527508157016495,0.1566852461160538,0.01861463273307547,0.036517254579378794,0.16112293424833105,0.08355999766080428,0.05772878115831337,0.18881914917260928,0.05620682502329919,9.975064042350137E-4,0.15718974930303278,0.013760247834485456,0.012621234747852306
-7.332277712572477E-17,-0.5987259116406042,1.9082785487509193,0.019344919682985556,0.01914680421899263,0.037573044234661866,0.19757886213797204,0.16529433163849902,0.0194501406079831,0.03753402933864834,0.17241630614786327,0.06848783105915979,0.059054252183888,0.11907148648755567,0.070169309683726,0.0035655099591508296,0.20452114514947528,0.009492476227322168,0.036696496838837564
-6.737906433373263E-17,-0.5501918135142678,1.922832991893177,0.019661699689989067,0.019097166587393015,0.03796416343604378,0.20995059667287844,0.17388068422551164,0.02039704662998337,0.03795347843164398,0.18250310951999255,0.05346115484117151,0.057900395452313014,0.06052476362946534,0.07070440227046824,0.015789546263241538,0.2632283513740914,0.005051075102427422,0.12262157674198876
-6.139207856090584E-17,-0.501304364684163,1.9361524020819239,0.01995336464015702,0.019042342562542194,0.03837469005386432,0.22225365680053386,0.18232769107301888,0.02147408912777597,0.03779970645192404,0.19108898963534376,0.03922687767262843,0.05641399041583633,0.02057530753236823,0.05660220001751912,0.031933742949366406,0.32381472013756246,0.005082472630884916,0.23874525425735169
-5.5365704211303434E-17,-0.45209528371650604,1.9482296200669436,0.020217670965611105,0.01898352464551723,0.03879174149417568,0.23433372396747024,0.19050158304686754,0.02267977771153478,0.037139929570427666,0.19797381669455671,0.026558972274025473,0.05771948392037215,0.002581149009462896,0.03306917890048473,0.04381002596813714,0.3610450081448737,0.01038481801435497,0.2697845850361263
-4.930382493356939E-17,-0.4025962830090812,1.9590574936467078,0.02045349553647273,0.01892276535350379,0.03920389376085839,0.24603718218727336,0.19826847809310427,0.023993276093406797,0.036076365087837035,0.20307463238308143,0.01611955673615516,0.06515902525241125,0.005436936965391429,0.01046878791474327,0.04813975177867856,0.354233898749263,0.016417794226849903,0.1700546861491471
-4.321032437634781E-17,-0.3528390749596737,1.9686288706196917,0.02066094483910231,0.01886295281298185,0.03960155149422497,0.25721716484984386,0.20550143830192386,0.025375854546800913,0.03473300087707396,0.20642368257232532,0.008327088480489587,0.08130572121268699,0.024593593372506696,5.219293284407599E-4,0.0454052443532134,0.2978551943258967,0.01698415367173657,0.3091627534454201
-3.708908618828282E-17,-0.30285537196606904,1.9769365987843668,0.020841408642574603,0.018807774115407596,0.039977575216447125,0.26774201529478986,0.21208625818226481,0.026774499866480644,0.03324179851328266,0.20815321743364218,0.003275735788533558,0.10712067453233107,0.05381435040290032,0.011848335430536846,0.03761618237644295,0.2073283471859511,0.009447711410137956,0.26091314736825055
-3.094400988784548E-17,-0.25267701601302367,1.9839739025438863,0.02099696682360162,0.018761162629436806,0.04032660453159856,0.2774943268704283,0.2179227297120251,0.02812635335127991,0.03172953253742797,0.2084671659508881,7.263689003034443E-4,0.14154699472715704,0.08677678481402425,0.04691122517789282,0.030099527204519486,0.1135538361345353,0.0013673814300853948,0.09623114205189628
-2.4779063239141164E-17,-0.2023364063531888,1.9897369991281397,0.021126497807609418,0.01872380845351508,0.04063800921747742,0.28632895514100887,0.22289505195745946,0.029360318818663942,0.030304302887175488,0.20758918874283222,1.6814561730646357E-4,0.1816340725176378,0.11801054876898967,0.1012659983512493,0.029250282321821766,0.046004851074315026,0.0035108276320684243,0.05976048457482707
-1.8598218070769138E-17,-0.15186597542832647,1.9942235191033582,0.021228072814873388,0.018695374319480287,0.040900675627492986,0.2941010379417876,0.22689409230931623,0.03040543891530347,0.029053089451483532,0.20575407144653618,9.293487941612872E-4,0.22312219074323003,0.14322948757071596,0.16481824758831132,0.0348738170451053,0.02325551487714634,0.014637417981632853,0.061378036695471996
-1.2405445237964802E-17,-0.10129814773207978,1.9974311005320615,0.021300940218334702,0.018676335426556626,0.04110711023094253,0.3006871812571954,0.22983779575122576,0.03119931187953265,0.028041888993287786,0.20319912358300368,0.002308249988565736,0.2612672051409605,0.15938303576700127,0.2244625109577495,0.03896585398963115,0.05151892369738342,0.027844825612045446,0.27905224032133885
-6.204715595963334E-18,-0.050665347758090035,1.9993573814767682,0.021345437770926384,0.018667871441981957,0.04125330064478341,0.30598438630767816,0.2316733404386943,0.03169376664941938,0.027316115699114758,0.20015734596401502,0.0036971543169323174,0.2916974868984977,0.16468883529002776,0.2674874756797571,0.034652954114069094,0.12061753557732778,0.04219317081352884,0.32889597891572964
6.204664771213698E-18,0.050664932742515004,1.9993541991892076,0.02136108280147815,0.018694993890531416,0.04137693640517846,0.3125323252671993,0.2320114864413216,0.03169019669231711,0.026815737210181458,0.1934292951680342,0.005070967416971634,0.31755864408420664,0.14232144520132098,0.27531943614613263,0.014862233606846909,0.26846656926302187,0.053824466410413635,0.43553503342447386
1.240526806672675E-17,0.10129670101913282,1.9974200119360956,0.021339048582006994,0.018736819711896,0.04136719036287591,0.31377141546689796,0.23057936125512707,0.031194601779262476,0.0270489388157884,0.19005732832851457,0.004947904172571603,0.31092587738418886,0.11779351612015665,0.243142371306662,0.016458356684876545,0.29153699122791343,0.03467367047509679,0.4535949409664738
1.8597878222944227E-17,0.15186320036024095,1.9942022610095576,0.021291899377730225,0.018792368455131606,0.04130278576247619,0.3135607964088778,0.22807174878194375,0.030393190538631296,0.027574604487514243,0.18674111023945403,0.004590551213132325,0.2924478776192839,0.08841216609044465,0.19899164653381513,0.03171394705560221,0.27789263887926585,0.00969323301414055,0.30300455682860983
2.4778563576271202E-17,0.20233232629622677,1.9897057691784883,0.021215576996978087,0.018857330033986156,0.04118050624999134,0.3118508303597743,0.22451075882503654,0.02932643101980247,0.028350598030897498,0.18345544228766592,0.004431278070605967,0.26471987335163827,0.05822056929179037,0.1546294752027845,0.05665195582314671,0.26067069190887243,6.775804757333683E-4,0.30796193146083584
3.0943392463112743E-17,0.25267197435747785,1.9839353592117845,0.02110714017509947,0.018927992882563836,0.041000902851852906,0.30862593825580653,0.21994941444169905,0.0280500915555965,0.029317753424638826,0.18011496306031097,0.0049683974337697175,0.23117255806656334,0.03148484213552287,0.11930634853832597,0.08157227295268583,0.2648235149178553,0.02407555528074774,0.20552954053862735
3.708843321987391E-17,0.3028500400743816,1.9768958538783394,0.020964968604479887,0.019001406518578637,0.04076833105508684,0.30391153536169313,0.21447124667288436,0.026630262304166135,0.03039854816847334,0.17657530904324387,0.006676066356061457,0.19546485392974652,0.012128833082866159,0.0977012648569431,0.09606816042002686,0.27320732710698364,0.07202824022486991,0.3034608126790422
4.320975418295978E-17,0.3528344189773255,1.9685920759470488,0.02078880945816891,0.019075485005632394,0.040490819068350274,0.29777549011953086,0.20818771081878473,0.02513766749877102,0.03149763733218438,0.17264354037699678,0.009922720400151788,0.1608465572314861,0.003262021932333834,0.09019537118671882,0.09547165194912428,0.2520726003278298,0.11336957131312995,0.5746211157967024
4.9303423688775415E-17,0.40259300659669683,1.9590288481868066,0.020579587782191582,0.019148905274531725,0.04017946724586953,0.2903208821547277,0.20123097874130175,0.02364110151704966,0.032504843916519845,0.168098088813036,0.014911793299697058,0.12964488749680297,0.00692541809618455,0.09438347774642004,0.08282501409145815,0.1958232355123808,0.1231169113191264,0.4063964369724704
5.536551007372588E-17,0.4520936984628834,1.948210993366509,0.02033937626555357,0.0192211387346684,0.03984813407903167,0.28168175849847327,0.19374797806410443,0.022201375570876966,0.03330179935777622,0.16272012708730024,0.02165477299069784,0.10301216453974867,0.02406897507893536,0.10628272354686945,0.06400197925698771,0.12380787177693417,0.09997698009743199,0.33644584316980214
6.139208167421626E-17,0.5013043901062724,1.9361433342550496,0.02007134767781691,0.01929242984217115,0.039512969837003635,0.272018519652746,0.1858932718254177,0.02086600905437664,0.03377174259447559,0.15633207958206052,0.029980422752794545,0.0810090774801138,0.054616047763246106,0.12073177426585843,0.04281750479063081,0.05825639859588778,0.061259976570544286,0.34586334782382766
6.737920682665157E-17,0.5501929770572511,1.9228306936213246,0.01977972900129828,0.01936384197523891,0.03919198496202122,0.26151220387430096,0.17782250944796865,0.01966539800108474,0.03381173524794001,0.14883605725408566,0.03957546960663403,0.0629679304852562,0.09740607194769056,0.13181870365273612,0.022614692249624434,0.018079073585901488,0.027816577122627112,0.2176544664286954
7.332295696683923E-17,0.5987273801547477,1.9082780879837162,0.019469454658971316,0.019436998356400816,0.038904223326728916,0.2503554411545778,0.16968413761958445,0.018610650294115978,0.03334542271182267,0.1402433086424058,0.05004341846922012,0.04798011297907192,0.14992440569831914,0.13432050050132835,0.008607960109725341,0.006958376089203903,0.008830311506604535,0.17533606409068025
7.921953833537866E-17,0.6468766210023527,1.8924971258746814,0.01913753788436858,0.019505374273772812,0.03865258043361605,0.2386556066264139,0.16155402995128337,0.017687549766602754,0.032325018106442595,0.13065234380463106,0.0609472035692295,0.03529894430259085,0.207949085626808,0.12583522997587013,0.0034034795769808325,0.01009214005887291,0.0028528676983661876,0.09062461284223382
8.506526244892829E-17,0.694610580847915,1.8755012690418127,0.018779806644677776,0.019560843496579335,0.038435564803424485,0.2265104321411549,0.15348619137625305,0.016864173847967522,0.030747366373809516,0.12028008831965405,0.07184838895320213,0.024542828525340326,0.2655714293258039,0.1081415440800615,0.0039032300436458865,0.014813764869424187,0.006596116749377281,0.032979467067903445
9.085642874017752E-17,0.7418990422661891,1.8573025030989587,0.018395378499317838,0.019598159514224955,0.03825609036758879,0.21405506147258022,0.14554237623350813,0.016098380508802107,0.028664678175193765,0.1094628477309809,0.08233352834265037,0.015656755983844323,0.31598651919110154,0.08641614995475272,0.009475581258914486,0.020243998268618224,0.014253391651179934,0.04009155264337509
9.658933664181568E-17,0.7887117878319279,1.8379128136599667,0.017984610216957304,0.019613049233815558,0.038117224910486136,0.20143421050735955,0.13777421199864012,0.015341662384788173,0.026179045011880953,0.09860159916177622,0.0920064952447562,0.008734607052921794,0.35291500529907227,0.06680084150747928,0.027683160010155215,0.033555127144986416,0.019414540400891977,0.02493423950579539
1.0226028558653207E-16,0.8350186001198849,1.8173441863386839,0.017549033171134532,0.01960227089125168,0.038021863152528756,0.18879640051632943,0.1302210371384073,0.014545593515091626,0.02343166461739291,0.08810626657923029,0.10047390466973304,0.0038689592198481878,0.3721286997997027,0.05409376976556987,0.06291635286250855,0.06200974807621643,0.022051460411931643,0.047815992256349485
1.0786557500701613E-16,0.8807892617048143,1.7956086067489578,0.01709127557833374,0.019563659712205403,0.03797245560541051,0.17628830291922443,0.12290884226228088,0.013668580035875368,0.020585303269377585,0.07834049025350737,0.10734103078304959,0.0011109891165815584,0.3723260814479235,0.05067101036731493,0.10754595644673383,0.09617329802611604,0.025196792657398208,0.06046283782600866
1.1340152564375936E-16,0.9259937291528784,1.772718762404263,0.01661412835506785,0.019495220590166933,0.03796928668427138,0.16404155012211985,0.115846993802156,0.012681681088989833,0.017802131356901882,0.06957657230615258,0.11223297734528723,5.095032249213755E-4,0.35495743012846587,0.05624794342642238,0.15295213467983695,0.11389493799961266,0.02844420209549571,0.028504805952047206
1.1886464325104395E-16,0.9706034697824887,1.748690459775214,0.016117485712875426,0.019391650234716635,0.03800331843613129,0.15214818085420978,0.10901283888735284,0.011571893900141083,0.015219074307658386,0.06196598804385501,0.11483692917269692,0.0021197021146115297,0.3232711040112867,0.06782414213390295,0.19401842213498297,0.10089873514397663,0.028293649869657968,0.014521084479690069
1.242515103554357E-16,1.0145905778053268,1.7235403712716755,0.01560132491987184,0.019247720634312508,0.0380623698234611,0.14068486835216718,0.10237610336656867,0.010346805957757364,0.012931585042279222,0.05555275718276747,0.11499029037632752,0.0059001665818327826,0.2813856244141258,0.08025517439110978,0.21575553579782397,0.06086247738302352,0.0241886053012339,0.013567182627550788
1.2955870951906776E-16,1.0579271477235033,1.6972851693360536,0.01506688871939086,0.01905966151440352,0.03813379268028145,0.12972300743440643,0.09590847032171816,0.00903542446938571,0.01098278759713167,0.050297872711185056,0.11275893301102952,0.011530162259111989,0.2338092072094085,0.0881404441948541,0.20203436197323305,0.021190665762250222,0.02060383724649629,0.07007917086032496
1.347828233040733E-16,1.1005852740391298,1.6699415264107556,0.014516522419599807,0.01882519986811078,0.03820464909683319,0.11932399257732686,0.0895865400929354,0.007685209520932601,0.009361443034801067,0.04611006603100345,0.10846545128351155,0.018285626119481715,0.18531155578403105,0.08819522449079548,0.16486984601956367,0.016225857589838383,0.02433488611404597,0.07699909460411766
1.3992043427258555E-16,1.1425370512543178,1.641526114938188,0.013953550063752197,0.018543548185495997,0.03826201318818636,0.10953690753025098,0.08339451264679817,0.006356404114763171,0.008011540803929358,0.04287664460161972,0.10264860539987061,0.02511060889340249,0.14066525777804212,0.08016506363632818,0.13448433815496028,0.06028617968155624,0.036339831035807346,0.08278759252782161
1.4496812850116089E-16,1.1837546025686208,1.6120557314880628,0.013382040176492405,0.01821527511949468,0.03829307144257,0.10039639746562302,0.07732620150213296,0.005114314400420254,0.006852416466956769,0.04048428951110964,0.09595394048246589,0.030897999781593882,0.10394204483349426,0.06575726176763946,0.12342601684792207,0.14154656940007487,0.05135387373020403,0.042388717998962135
1.4992265483151863E-16,1.2242113802600116,1.5815494045071956,0.0128044522085857,0.017839392716782098,0.038279729376046706,0.09190881864394995,0.0713772982624447,0.0040201425808635005,0.005805156959808102,0.038821260956748815,0.08897710067311791,0.03483477555222617,0.07762002279917006,0.04735480606712266,0.13255398934168466,0.220458885547069,0.06728354937210995,0.007110691208405896
1.5478096416809445E-16,1.2638824865737535,1.5500280817863186,0.012221938685228402,0.017413791446086187,0.03819925403504459,0.08405783169403094,0.06555006690793684,0.0031225893948088577,0.004820192703523856,0.037775688713319794,0.08213505128161064,0.03661209941404936,0.06211341107575772,0.02803500976763046,0.16890044957960004,0.2566695608688287,0.08828893730846976,0.05639346058770396
1.5954001882640608E-16,1.3027431169336665,1.517512772561162,0.01163665301136364,0.016938184490496777,0.03803079575982089,0.07682137123387937,0.05986404392546166,0.002451476006129403,0.0038997029831663553,0.03723094063683617,0.0756029492008369,0.036385032066943004,0.056008903032675375,0.011863699924220842,0.22124914031415457,0.24154358826807254,0.121632590684949,0.11591373377284234
1.641967811219714E-16,1.340768466763573,1.4840244860674574,0.011051687505674876,0.016414158230530215,0.037756236017922835,0.07017199534268659,0.054353852680428236,0.0020130751013968788,0.003106499350739271,0.03706313775207778,0.06932716286380361,0.03454099514843272,0.05676916941619586,0.002653091373379055,0.2533920615008405,0.18548969031295337,0.1643848526220626,0.09006522227875725
1.6874821337030824E-16,1.3779337314872935,1.4495842315409364,0.01047090216578537,0.01584506851811257,0.03736079648884992,0.06407727826442941,0.04906538064072146,0.0017889339329582275,0.002556368381470438,0.03715342313108903,0.06311870713613864,0.031469265123406025,0.061433952366567485,0.0018159518373416933,0.24731625632789078,0.11515958882340911,0.18797136328537245,0.1419183855056434
1.7319127788693448E-16,1.4142141065286498,1.4142130182173307,0.009898757862941273,0.01523590702415533,0.03683356648478419,0.058500669345450465,0.0440510269056307,0.001738664918431743,0.002393659683571336,0.037415249265774296,0.05678768573758427,0.027495540727286074,0.0670970737967313,0.007833712073480395,0.21330671214005492,0.06619057279938385,0.16917810957112533,0.09840391256862176
1.77522998780887E-16,1.4495852918938377,1.3779326159211205,0.009339586239104825,0.014592301310150652,0.036166127852762193,0.05340006209577733,0.03936268824766393,0.001806435790327669,0.0027543707667727732,0.037826447582067005,0.05026155306419797,0.022984960308240127,0.07128652175725717,0.01792892654740669,0.15886114831576098,0.05066860862366561,0.1363301024274093,0.09656586906656801
1.8174071002559027E-16,1.484025517823794,1.3407673246959737,0.00879577055054157,0.013918029673468514,0.035347292904676315,0.048722611280915824,0.03504198633983701,0.0019299407759020074,0.0037241667864372037,0.03844665936467317,0.04364123869578281,0.018456049308475643,0.07234727403156735,0.029596350965461718,0.09226020815717317,0.056359511831592046,0.12525647563536565,0.20288664303900314
1.8584183873171516E-16,1.5175137750827867,1.3027419491180705,0.00826981319206776,0.013217894281597153,0.03436991489876135,0.044417664195156796,0.03112318907552197,0.0020510296948839653,0.005302642732234556,0.039415335583726424,0.037188057426428965,0.014547890467107713,0.06966906859858774,0.04039893753598263,0.037081446825195145,0.06215184789416989,0.1520309705716273,0.11139892783858586
1.8982381200993254E-16,1.550029054435085,1.2638812937635882,0.007764835803693069,0.012498381262759517,0.0332331778821101,0.04044043856307276,0.027630278588408597,0.002125922178105223,0.007384668357678808,0.040910558647018196,0.031241496799119424,0.011809208413091004,0.06353079257384997,0.04760316062617799,0.010248404890839688,0.05995897060569514,0.20767402490299378,0.10689020487994302
1.9368405697091346E-16,1.5815503466449576,1.2242101632087066,0.007284411988580439,0.011767404450880311,0.031942708155891224,0.03675231754575297,0.02457298314527182,0.0021331503359146844,0.009766756470295318,0.04307313225643127,0.026113143733820787,0.010459766327057191,0.0546727473775249,0.04939935970441792,0.010242918867231028,0.05186252970497281,0.2547207667292999,0.13070309719992945
1.9742000072532877E-16,1.6120566424766736,1.1837533620296037,0.006832407810050441,0.011034033994182128,0.030510448054519395,0.03332083226752729,0.021944376573113922,0.0020777477248036117,0.01218100158714547,0.04591782830843974,0.022000535587098868,0.010329223978977656,0.04399914543133602,0.046384502788263546,0.029164207138814655,0.03943465873693122,0.2399045640540837,0.08154005561486583
2.0102907791026087E-16,1.6415269941523147,1.142535787996475,0.006412808291680754,0.010308142573321384,0.02895419425638584,0.030119642172980625,0.01972029426689697,0.0019907099199060483,0.014351471060998173,0.04926423683767847,0.018946780144322158,0.011040088755380843,0.03259610634933704,0.041065908326224684,0.0524716143434722,0.040440225086117,0.18237138011344733,0.22309668728373686
2.0450895822512386E-16,1.6699423733235652,1.100583988902435,0.006028467828208084,0.009598507504735461,0.027293128060630178,0.027124639399022963,0.017858470963203057,0.0019232871555961136,0.016059188299844547,0.05271529396061051,0.016846737526652777,0.012288800871627589,0.02176951676278759,0.03594642794007203,0.06497266504797605,0.056740135296564666,0.1106106016349849,0.2704234145035668
2.0785758468588452E-16,1.6972859834411276,1.0579258415555737,0.005681192161085075,0.008912947890618169,0.025548012498214732,0.02431538746222082,0.016302318162189446,0.0019367996356375232,0.017201105409546724,0.05571245741004,0.01548793435685954,0.013987694380350428,0.012757007236901994,0.032399111828217246,0.06477103233179446,0.07700001007335168,0.048938395799483524,0.17074193405480437
2.1107291550722E-16,1.7235411520625958,1.01458925145378,0.005372986085383272,0.00825994923910746,0.023745221151061823,0.02167916945751404,0.014987876958630193,0.0020902758149623267,0.017828759399610452,0.05767207427466599,0.01461032683447402,0.016152349823867793,0.006241350826532305,0.03083416318790684,0.05444681201714924,0.10148061747724128,0.0239468298311179,0.13445820931772542
2.1415290890380762E-16,1.7486912067455629,0.9706021240949422,0.005105984383823039,0.007648401270305059,0.021915947255782227,0.01920975859100075,0.013848629098159483,0.0024271953261500376,0.018148420406895373,0.058155713146357466,0.013961324234677521,0.01865252646753778,0.0021992507258315613,0.031183331490418256,0.03546158423519786,0.10944805240806035,0.020927437775881786,0.0331531022489837
2.170955230903246E-16,1.7727194750476212,0.92599236497695,0.004882336491969859,0.007087275191149992,0.02009502179586829,0.016905917857393173,0.012820634719320633,0.0029639739952132815,0.01847820482092572,0.05702465821311653,0.01334028594838295,0.021085316511725263,2.759621674272494E-4,0.033256685932012905,0.016955792209583438,0.09903439437631553,0.018661049779786353,0.02190322605193923
2.1989871628544408E-16,1.795609284558994,0.8807878798886,0.00470411217922382,0.006585329990693946,0.01831961933198581,0.014769960357407571,0.011847577948938339,0.003682607115138276,0.019168214271999443,0.05451998761944412,0.012627915235015535,0.022922403271850807,1.9117564640003414E-4,0.036969756502253696,0.0089927129832008,0.08395306996795346,0.014520880657779045,0.039677459678079535
2.225605527641082E-16,1.8173448288850589,0.8350172015594121,0.004572867909289625,0.006150373113847582,0.016626762536213986,0.01280560514914987,0.010884726269047754,0.0045291804024683215,0.02049957491335829,0.05122468607470462,0.011797654690008456,0.023822031056561443,0.001682340862418735,0.04209269164962745,0.015559732624619309,0.05607623035447441,0.006038579190429966,0.026225598606371758
2.250794787621574E-16,1.837913420578623,0.7887103734450377,0.004488783697286099,0.005788069374272232,0.015049859831006514,0.011015472731106209,0.009900929484935345,0.005418205481761026,0.02258749389902133,0.04790779111936453,0.010911650618935996,0.02383206467461141,0.004211521067734847,0.04758503994172484,0.03777665747119829,0.027990252240310615,0.008934361313162654,0.03010121512210279
2.274540264652283E-16,1.8573030740258387,0.7418976129707234,0.004451759092140169,0.005503316569149942,0.013621394829496033,0.009402910328709007,0.00888195880777086,0.006244246309654275,0.02532143506353955,0.04530122867275198,0.010101637622981352,0.023293841440164283,0.007037899318119114,0.051603780582431626,0.06878724886383351,0.01232822625395937,0.02077150964369618,0.005210478406164147
2.2968272805895757E-16,1.8755018036128588,0.6946091375617154,0.004461680747785319,0.005300365791813701,0.0123723239036655,0.00797127434622152,0.007830834227372453,0.006898686461014213,0.02835628605342518,0.04386010335791139,0.009533957493638194,0.022517869289107057,0.009700116018439031,0.05279736419834053,0.10023099861608806,0.007923801159753236,0.04985230685396701,0.006296452804736037
2.317641157289816E-16,1.892497623725835,0.6468751646432604,0.004518460986127875,0.005182626202166375,0.011330716404226964,0.006722851903567726,0.006765989414866315,0.0072888237025093006,0.031166158862078654,0.0435956125452723,0.009360590173748115,0.021513050237420166,0.012268544194399255,0.05132595442495785,0.13070926025720925,0.013277934056962485,0.07508679743792007,0.005988100137686966
2.3369672166093705E-16,1.90827854875092,0.5987259116406045,0.004622097039545652,0.005152512500816536,0.010520566217895403,0.00565806885898158,0.005717954553104895,0.007356211684036181,0.03315451120210842,0.044044216438286085,0.00965522746196153,0.020006380292753485,0.014899989450304674,0.04801683377016969,0.15143142930441356,0.024509586575869755,0.10119989336221112,0.029913341033304616
2.4485066175771586E-16,1.999357381476769,0.05066534775809013,0.009509128449394213,0.010967849223801103,0.018862466386282865,0.0041695806289871904,0.002774408921283701,0.008292587451498815,0.023037537487069888,0.017756684595328233,0.004845470664302964,7.837244796106949E-4,0.0018143053410635407,8.758620640011743E-5,0.0018193657648929,0.012132034925336104,0.01307170200019075,4.276277649350847E-4
1.2246467991473532E-16,2,0,0.010690203930670033,0.012508192599404682,0.021907732821390084,0.005000578657040583,0.0031748572198895056,0.010620304029721375,0.030980891020049594,0.025042024576067634,0.007558712338073325,0.0012126025677827793,0.003135233651461213,1.6785119193271647E-4,0.002423496059178528,0.02093961878278296,0.019266708727021287,0.009330393291980666
2.3547912688169077E-16,1.922832991893177,0.550191813514268,0.004772611188404801,0.00521121657263869,0.009960485324942158,0.004774928433489205,0.004724928685877753,0.0070907956307702516,0.0337970101060351,0.04439254314674511,0.010347101308146901,0.017746620577416515,0.0171422348131229,0.04308029207264251,0.15553946836764346,0.043253301324240004,0.10423620115364542,0.02628754711417143
2.3711028418710883E-16,1.936152402081924,0.5013043646841632,0.004969280815703432,0.005357797637683422,0.009661142259650365,0.004067969362552297,0.0038270544482392616,0.0065369113784914815,0.03278152276762503,0.04372285269403704,0.011184027613843255,0.014832221223293378,0.017974861130487026,0.036457706681333045,0.1545670078827975,0.05591401118268544,0.08403026323682912,0.024219228701980587
2.4461476037839644E-16,1.9974311005320615,0.1012981477320799,0.00855506089198356,0.009747003509391023,0.016513502196671095,0.0035978679433617163,0.00239245429552948,0.006585013545393616,0.017821917824637625,0.013603829830147228,0.003652389437569222,8.107715662855587E-4,0.0019734130978866656,1.0023877927723188E-4,0.007503233153203017,0.03644683440288841,0.02936938528925106,0.007221631065130147
2.3858931682190465E-16,1.9482296200669436,0.4520952837165062,0.005211332401403008,0.005590196452062134,0.00962663664315963,0.003529099497902269,0.0030616983516475564,0.00579191627316096,0.030118312289373103,0.04131666705971384,0.01177111520757768,0.011765783974279256,0.016829544437600468,0.02881477478646774,0.15076261276112796,0.06694045301048697,0.06160201439310783,0.00825664722687116
2.399153488940078E-16,1.9590574936467084,0.40259628300908146,0.0054987106092918995,0.005906180419972977,0.00985538108498112,0.0031482826130788096,0.002459183710719805,0.004995783042612415,0.026180780628750754,0.03691975814613585,0.011702252466460849,0.009142541015131492,0.014403473827970565,0.021325248893945253,0.13212928200897414,0.08108658933510718,0.03406625488748,0.0017176624366721932
2.410875045113475E-16,1.968628870619692,0.3528390749596739,0.005832898969139081,0.006304050028180442,0.010340732609909089,0.002913944829093113,0.002038808596281071,0.00431122582680897,0.021661298057991142,0.030882814367053354,0.010741529669444052,0.007215204740605103,0.012023394719117774,0.014722666711628857,0.10536490276377268,0.07591330969139336,0.025375714748484053,0.0010394594432790961
2.442219449454299E-16,1.9942235191033588,0.15186597542832664,0.007797615563127306,0.008790221859473965,0.014706912484456063,0.0032201681156365687,0.0020792557997322304,0.00525738435067929,0.014494231529925959,0.012090195398102563,0.003652132592557014,0.001515605032590739,0.0037285721209388513,4.0080224291998975E-4,0.015352645635194584,0.051176910175815576,0.021819559514925535,0.010072467514193675
2.4210490778185313E-16,1.9769365987843677,0.3028553719660693,0.006218083496904977,0.006783699681856271,0.01107279216430804,0.002813902501592267,0.0018061874633072885,0.003897564128310451,0.017446722531103454,0.024128661604104606,0.008966610868403186,0.005748156904569833,0.010242690010727607,0.009088292157104699,0.08004030133512724,0.07567015801232022,0.012401369952879413,6.260102261956204E-4
2.4367250471273375E-16,1.9897369991281406,0.202336406353189,0.007180612216348884,0.008008745205734568,0.013245442108242501,0.0029725856249054232,0.0018543627986632373,0.004335902770367616,0.013336884789864008,0.013619559531854366,0.00481735176315234,0.002817925120969395,0.006247653060232509,0.0016507573295168891,0.027309920310908734,0.06155865727201623,0.0215050276850225,0.0025111071977224563
2.429667289342255E-16,1.9839739025438874,0.25267701601302395,0.006662544668901,0.007348500759780982,0.01204191071345954,0.002836553585794531,0.0017523181408231742,0.003882350653115193,0.014436188699612582,0.017941293732614178,0.0067874607540686525,0.004326020886808775,0.008515068563511743,0.0045653571907959285,0.0516969699111026,0.08010406847020517,0.011911006358228166,0.0015780877722868843
0.05066493274251488,-3.102332385606846E-18,1.9993541991892074,0.021353806722643268,0.018674151888357138,0.041205084877265104,0.3050042240872063,0.23171383783996125,0.031759475752797944,0.02722572052996759,0.2014107238921215,0.004535965769196915,0.3020008332505714,0.15570474859482802,0.27340604414528286,0.051119907357835954,0.16884754336138674,0.046358763059300714,0.3208383275474086
0.10129670101913271,-6.202634033363372E-18,1.9974200119360959,0.021324304119107067,0.01869451188693756,0.04102164827806294,0.2989442302566619,0.23002741035369928,0.031374572508388314,0.027950308712873448,0.2056209445537742,0.0037397518986787507,0.2823798440164897,0.14278801044445127,0.23879535594317572,0.07642919972651546,0.12487870439784086,0.02834952463830639,0.42627506545020943
0.15186320036024084,-9.298939111472112E-18,1.9942022610095578,0.021269384234273495,0.018727813436722394,0.04078234036958265,0.29177331454661337,0.22730103867318704,0.030728546479202895,0.02904619607639633,0.2092450308429568,0.0024940304774338025,0.2546458307231748,0.12157168755983415,0.18951110986720046,0.08697366585975322,0.09492863595621595,0.012136140777977193,0.31385003949079077
0.2023323262962266,-1.2389281788135595E-17,1.9897057691784887,0.02118516720787082,0.018769868926843142,0.040485381737582066,0.2835571576330124,0.2235537700998003,0.029863461383436665,0.030464226046022256,0.21203205173485312,0.001193524800942261,0.22204220283640713,0.09495859006969817,0.1358021069642975,0.08515988861159554,0.09095452265280049,0.008748008437101554,0.3754526572702463
0.2526719743574778,-1.547169623155637E-17,1.983935359211785,0.02106865218752234,0.018816828121128622,0.04013180608596842,0.27438135424735544,0.21882796311044553,0.028833425552052306,0.03213030347043037,0.21370508509026193,3.3463779529678507E-4,0.18817051070834698,0.06699904988344166,0.08687568976603295,0.08228843048170995,0.10624049244078429,0.019773105516189597,0.3772358271064682
0.30285004007438154,-1.8544216609936955E-17,1.9768958538783397,0.02091840746655779,0.018865960675631153,0.039727109100382824,0.2643611929693911,0.21320140804589913,0.027701267117405157,0.03394626264332606,0.2139931943876835,4.072678028139541E-4,0.15642562427618215,0.04253961375376386,0.048681866123593036,0.08557250500112087,0.11937840267066845,0.037085337087956395,0.33834108711913924
0.3528344189773253,-2.160487709147988E-17,1.9685920759470483,0.020734177791967453,0.0189152214607523,0.039279772240375786,0.25363325219003474,0.20677590068295498,0.02653120602279592,0.035790612249678354,0.2126568871126831,0.0017897978690408912,0.1294148754488049,0.0265543971782926,0.02319055707298345,0.09435408492251715,0.11386312758743951,0.051505918517183155,0.31583749999369204
0.4025930065966967,-2.4651711844387695E-17,1.9590288481868066,0.020516899427408763,0.01896334542080708,0.03880114975002441,0.24235194650790817,0.19967492042615112,0.02538296054020846,0.037524950015057804,0.2095208641835587,0.0046722291010622245,0.10846148721089774,0.02325874988520231,0.009140504363381588,0.10572947280179759,0.09266643099852069,0.05605418164192952,0.12213299070318062
0.45209369846288316,-2.768275503686293E-17,1.948210993366509,0.020268676166189468,0.019009830679455574,0.03830507368242631,0.2306837594219092,0.19203767143686118,0.024305900306491095,0.03900466389122461,0.20450497726051897,0.009028229444816632,0.09338679349953719,0.03521416629158979,0.003693511649074751,0.11548925975809039,0.06899330654665589,0.04892668401117135,0.09797606536949514
0.5013043901062721,-3.0696040837108115E-17,1.9361433342550498,0.019992762615861637,0.019054988520035933,0.03780744370445753,0.21880247875922818,0.1840130644220566,0.023334259086380565,0.040093168412464825,0.19764572330084795,0.014643970370712071,0.08269520751109065,0.06269795467770913,0.004084956155687696,0.11429803751475699,0.05028702595375577,0.03507934842296256,0.08304979964159895
0.5501929770572511,-3.3689603413325785E-17,1.922830693621325,0.01969343525474401,0.019099900396438926,0.037325614688653065,0.2068812728225815,0.17575207282515085,0.02248388560878357,0.04067772338420023,0.18910412229771198,0.021194132958088738,0.07416927239248472,0.10350029264947172,0.008457045782167784,0.09357706467087046,0.037607020627250055,0.02187969458255861,0.12492991261849534
0.5987273801547474,-3.666147848341959E-17,1.9082780879837158,0.019375658232493598,0.019146204477285787,0.036877657261948735,0.19508497853838566,0.16740029651182237,0.021750978829077814,0.04068446465586175,0.17915512580448495,0.02833792076537603,0.06568422414176546,0.15316019958600835,0.015754968110468632,0.05797326946073912,0.03178009790956045,0.014932067327407678,0.08706918255484868
0.6468766210023523,-3.960976916768931E-17,1.8924971258746812,0.01903650967703736,0.019187531842928783,0.036466166048906935,0.18349512679455182,0.15903381885001183,0.02110585172983431,0.04007800011474927,0.16811259161743097,0.03578957369801292,0.05592240085240748,0.20552066588967044,0.025234845868456507,0.02385845172118452,0.03340602578879946,0.015456259689756972,0.04146889076036648
0.6946105808479149,-4.2532631224464146E-17,1.8755012690418127,0.01867189495684079,0.01921598837321118,0.03608954746735572,0.17217435044584675,0.1507095214128719,0.020502124297229907,0.03887612296723034,0.15633229440960858,0.04334750693066389,0.04474302449991744,0.2536072283368907,0.03610657380434116,0.004282148920376252,0.03999506455902751,0.02244080791518977,0.012869976187697333
0.741899042266189,-4.542821437008877E-17,1.8573025030989587,0.018280996079797912,0.019226537290779666,0.03575035961074957,0.16120320143982467,0.14249414832324592,0.019885878683224036,0.03715707755105133,0.1441972206291161,0.050873924534168266,0.033067734496402074,0.2908022343311416,0.04726208379074852,0.001831715604398425,0.04567932914694801,0.03416016369895225,0.06285958720148516
0.7887117878319274,-4.8294668320907827E-17,1.8379128136599663,0.017864231319166816,0.019215118583062588,0.03545127471951518,0.15065797560268274,0.1344462215426093,0.019200450561947822,0.035047210935293865,0.13205553650029833,0.05822082291610726,0.02240371841395554,0.3120639396720906,0.056951440809180756,0.012228086559578015,0.04623303477586652,0.04258920059624131,0.0041059563465191745
0.8350186001198849,-5.113014279326604E-17,1.8173441863386839,0.017423189810871164,0.019178691786807832,0.03519479037705379,0.14060789538982385,0.12661363881063928,0.018393791189289348,0.0327031412788254,0.12018047618180851,0.06514820038330162,0.01431457941623796,0.3148749308757281,0.06281344120423558,0.025365917937516864,0.0420380757533909,0.04280985125711448,0.012270810224144182
0.8807892617048141,-5.3932787503508064E-17,1.7956086067489574,0.016960526808092135,0.019115272144818715,0.034982965576381427,0.13111225953641115,0.1190322365847161,0.017425804112644803,0.030288070887195706,0.10874794546550451,0.07127961953331091,0.01008583990271552,0.2995567891973241,0.06279896560703732,0.02849873919434267,0.03301639688490556,0.040602452040318184,0.006117113999886501
0.9259937291528783,-5.670076282187969E-17,1.7727187624042633,0.016479106247131274,0.01902309143104285,0.03481581613234946,0.12221511700717975,0.11172087028703055,0.016274100392554922,0.02794577402326197,0.09783373131388211,0.0761285633530747,0.010634402894873303,0.2688499833118984,0.05657314892842591,0.018328889310581034,0.01987270835273264,0.03720883293176637,0.04284679938009407
0.9706034697824889,-5.9432321625522E-17,1.748690459775214,0.015978843340022482,0.0188971297444449,0.03468493578675548,0.11392306472630633,0.10466765001591416,0.014936519693441048,0.02577435297597268,0.0874245207510811,0.07919385960734805,0.016504729094628304,0.22702407811944558,0.04605146052766376,0.0047805097035230875,0.008855540565517172,0.03754648538943162,0.0484939007842119
1.0145905778053266,-6.212575517771784E-17,1.723540371271675,0.015459780227332102,0.018732483940293726,0.0345791521954971,0.10623127031011267,0.09785143890690548,0.013435425388478441,0.023815138506871718,0.07747036129034177,0.08011785289502334,0.027761348509115213,0.17907887965047453,0.034352263438817816,3.8944756665115006E-4,0.003704437485628129,0.0494516129705173,0.08748956014337342
1.0579271477235033,-6.477935475953388E-17,1.6972851693360531,0.014923183575952084,0.01852568457612383,0.034487079904042116,0.09913067994325465,0.0912512335220917,0.011817445894695766,0.022050743095689506,0.06793121495520392,0.07882966955541416,0.04374951328470938,0.13018015565328733,0.02405082629643574,0.016210310401606847,0.0019216329118012159,0.07620140621869072,0.08413751623733479
1.1005852740391302,-6.739141165203666E-17,1.669941526410755,0.014371413421822684,0.01827471551445936,0.03439724458571127,0.0926074626302786,0.08484822217448613,0.010148880415513772,0.02041435851433506,0.05881000241512493,0.07560681887753261,0.06292003881672988,0.08521264019050692,0.016241108216862282,0.06221846582343364,0.0020570481321365445,0.12410778061962674,0.03533511084317238
1.1425370512543178,-6.996021713629279E-17,1.6415261149381877,0.013807791749776538,0.017979009503319765,0.034298354728758966,0.08664345575092665,0.07862808687228982,0.008508222577421775,0.018811524620957115,0.050169134631421884,0.07102163799126121,0.08298052237859736,0.04820638261922133,0.010841400272410033,0.13358965837794493,0.0061634831676724575,0.1883887055516017,0.06411519621689091
1.18375460256862,-7.24840642505804E-17,1.6120557314880617,0.013236360353199906,0.01763930161520543,0.0341793894396449,0.08121546094221183,0.07258273116193999,0.006976678593417676,0.017150765033072304,0.04212567412142971,0.06578220242177903,0.10144787506120558,0.021649939170948585,0.007343352809140215,0.20590194777883639,0.020718994818209373,0.2280974802589658,0.05404689312691273
1.2242113802600119,-7.496132741575934E-17,1.5815494045071954,0.012659558878862307,0.017254813354289335,0.034024788063992076,0.07628433897622848,0.06670306109158868,0.005627339402580871,0.0153754605296469,0.034823726656123585,0.06051858509268642,0.11635380226876138,0.006079928246248545,0.005248398045221543,0.2594552338953087,0.050805567157839744,0.2139697543184502,0.07494734307298814
1.2638824865737532,-7.739048208404723E-17,1.5500280817863177,0.012078527385755398,0.016823674937346097,0.0338150975229669,0.07180014795189173,0.060984002300000936,0.004515899187550813,0.0134918143939896,0.02840502554816575,0.055612758419706955,0.12670796144778657,3.346313953076643E-4,0.004184552185440161,0.29047229181198053,0.09533838658560367,0.1475617297945267,0.16776365710439395
1.3027431169336667,-7.977000941320304E-17,1.5175127725611615,0.011495396619420986,0.016345778807703937,0.03353276731958569,0.0677159530876707,0.055435149417979446,0.0036741770971069217,0.011586458352056487,0.02297875130314924,0.05113103377629842,0.1324351375458737,0.002364534583668161,0.003961043722090912,0.29171908602926816,0.1504280971481916,0.05798988366009311,0.09136613752947148
1.340768466763573,-8.209839056098572E-17,1.4840244860674572,0.01091319307351717,0.015822784862003433,0.033162851044011794,0.0639876322252843,0.05007942117705038,0.003105742582054113,0.009822901725235707,0.018595384977484503,0.046875012048785844,0.13386888888621487,0.010031435774542604,0.004620563348803313,0.2544098120643192,0.197617300950492,0.004582271031407406,0.0506701200876926
1.3779337314872935,-8.437410668515414E-17,1.4495842315409364,0.01033571845902337,0.015258064651485251,0.032693463344177214,0.060574676080745016,0.044950078771410044,0.0027856252826866192,0.00841700183981186,0.015238450807191382,0.04253144178582487,0.13123353980169128,0.02136329121081255,0.006448794885910344,0.1927687884190357,0.2150494250392834,0.012263266896175415,0.004201294819380806
1.4142141065286498,-8.659563894346725E-17,1.4142130182173303,0.009767335928218565,0.014656511506507916,0.032116186369059344,0.05743866208919788,0.04008716068620372,0.0026645790156089536,0.00759456573398805,0.012835208746131295,0.03785288966917975,0.12453993687641537,0.034328454249250434,0.009897269018559893,0.13478083976672345,0.203368971380125,0.07083318136081249,0.060626161768001174
1.4495852918938374,-8.87614993904435E-17,1.37793261592112,0.00921228190919072,0.014023604436255135,0.031424819013231874,0.05454134294682023,0.035531646194876136,0.0026772708684462245,0.007539113986722393,0.011279982358841164,0.032790129444192774,0.11395917652352389,0.04672199914817202,0.015268690513249724,0.09393124556406846,0.1663982298786612,0.13316643250134236,0.09381515538843138
1.4840255178237935,-9.087035501279513E-17,1.3407673246959737,0.008672860170403873,0.01336300580047116,0.030610764624492443,0.051836979665913344,0.03131726304337621,0.002752885894024203,0.008340270434342906,0.010459144528047555,0.027525309786126502,0.10029619834804344,0.056605519748654784,0.02224795015325324,0.07025881525146749,0.11315212875293179,0.1683675283801623,0.17315633778396944
1.5175137750827863,-9.292091936585755E-17,1.30274194911807,0.008151484807010985,0.012679337531815006,0.029668879371835558,0.04928309673758524,0.027473550147747244,0.002827325415238122,0.009958180119511785,0.010269320331932454,0.022407518374509317,0.08510228047598671,0.06303596998020446,0.029911093368017956,0.06172922271427722,0.06997722994730017,0.1546536905211508,0.1307062689909939
1.550029054435085,-9.491190600496629E-17,1.2638812937635875,0.0076511759149318495,0.011978798307459867,0.028599442719594623,0.04684319535375584,0.024023248255110808,0.0028544201550507703,0.012213596416142081,0.010618573543252999,0.01782025019410727,0.07019713199402854,0.06632279783410708,0.03754423825716369,0.06421992914233483,0.05227904086433032,0.10754158402809631,0.05972918147278892
1.581550346644958,-9.684202848545677E-17,1.2242101632087066,0.007175393191408772,0.01126892216127398,0.0274081475899061,0.044486342386280936,0.02097849067083785,0.0028141394605535565,0.014810420744566198,0.01141253025476656,0.014047001518504137,0.056899994312054655,0.06740838139672398,0.0452570802565568,0.07306212581750218,0.05975683356511436,0.056923733074768314,0.009555915194025759
1.6120566424766736,-9.871000036266439E-17,1.1837533620296037,0.0067278826551354295,0.010558311797712598,0.02610591922371062,0.0421870147147798,0.018338239346585804,0.002716326389736615,0.01739022480734187,0.012533709228084925,0.011189769197185674,0.04556123291818543,0.06684709565400448,0.05326275073575483,0.08019021877563157,0.08418485132684966,0.018507938293757242,0.011035691624846695
1.6415269941523147,-1.0051453895513046E-16,1.142535787996475,0.006312502286272378,0.009856301816403701,0.024708444556026322,0.039925032902263,0.01608718131968584,0.002599047018704688,0.01960897052424397,0.01382650316997621,0.00916370589174443,0.03576906185246831,0.06435914050313338,0.06074192662966628,0.07389139857071753,0.1176751994219948,0.0090589851517768,0.040472725610389164
1.6699423733235654,-1.0225447911256197E-16,1.100583988902435,0.005931993815106715,0.009171143111657344,0.023232300567690357,0.03768051414888629,0.014194473579421978,0.0025212406480420693,0.021216768159267433,0.015097855110608648,0.007755635184169661,0.027051610748356682,0.05941710069287761,0.06626079331919173,0.055393231492111526,0.1485073562927562,0.027441454483948267,0.16650223167601552
1.6972859834411282,-1.0392879234294228E-16,1.0579258415555732,0.005588069497916311,0.008510142136866522,0.02169513434000594,0.03543545740974923,0.012616459711845596,0.0025506886291265926,0.022123689574848067,0.016141310342902462,0.006712827044081955,0.019482515241414384,0.05225287620370922,0.06950301768788808,0.036341461299618974,0.15634386270093042,0.06106896767823692,0.1720434437016077
1.7235411520625963,-1.0553645775361004E-16,1.01458925145378,0.005282641979016273,0.00788122201995116,0.020119084953999552,0.03318033673002035,0.011301940712106382,0.0027500591157060402,0.0224350904184666,0.016784078738083758,0.0058272552769520055,0.013662427664906425,0.04415634049498124,0.07165823195137253,0.018990704279103567,0.14626655715341177,0.10134288899557946,0.18659907612917767
1.7486912067455629,-1.0707645445190383E-16,0.9706021240949424,0.005017754894335994,0.0072926715931015546,0.018530081451195817,0.03091448761492701,0.010195738208815835,0.00316240101222331,0.022437890374465207,0.01693767035328661,0.004983598008081406,0.01011092317060872,0.036653593917611006,0.07341656952969514,0.004590046389942684,0.12554104015626502,0.13877636920854422,0.16790727702949013
1.772719475047622,-1.0854776154516235E-16,0.9259923649769507,0.004795468976252213,0.006752840571761409,0.016956840525274294,0.028646187993861084,0.00924271755203022,0.0037990493019926914,0.022536901860658484,0.01663380364790581,0.004162987529253023,0.008651643335517531,0.030429406151014256,0.07339173378493212,3.490852071840289E-5,0.09069534108156473,0.15996759240770453,0.17128594641635278
1.7956092845589944,-1.0994935814272209E-16,0.8807878798886006,0.004617769986215395,0.006269866715691932,0.015429779771387634,0.0263925942669601,0.00839193106706475,0.004632506789760702,0.02315222868137119,0.016028539008605094,0.0034105044067134615,0.008382474010478693,0.025116761907992547,0.0698423149226076,0.004160644339454819,0.057764950452639414,0.16983911549354921,0.10119486210844643
1.817344828885059,-1.1128027638205411E-16,0.8350172015594126,0.004486140983192084,0.005850976340637695,0.013978930262966122,0.024178083177492336,0.007600119218960957,0.005595982558137336,0.02459892404254558,0.01536618137690016,0.002787848689552643,0.008282082523978744,0.020066372551226827,0.063364753478939,0.01524980828319848,0.03216191016681917,0.1546829480170496,0.05851346161977546
1.8379134205786232,-1.1253973938107871E-16,0.7887103734450381,0.004400715354275276,0.005501361584373299,0.012631084026079072,0.02203020876337125,0.006833862452748098,0.006589259601594846,0.026978923090148352,0.014911232825417365,0.00233880192456828,0.007910209262332707,0.015177320829980103,0.05610537624234568,0.03530666688550465,0.012810186249855842,0.13771593859517303,0.07371840536022671
1.8573030740258392,-1.1372701323261418E-16,0.7418976129707235,0.004361357989050004,0.005225501941295733,0.01141213165999786,0.019983836567205624,0.006072580655400028,0.007492526814444538,0.03012210182800837,0.014869161631468111,0.0020826050059782127,0.007568645730666386,0.01096986009843531,0.04876259910624345,0.05472915209837349,0.005815697916433977,0.10822285219780373,0.04335921930783697
1.8755018036128586,-1.1484136402947878E-16,0.6946091375617155,0.004367932171165572,0.005027283332964782,0.010346611270057373,0.0180809487145836,0.005309242752584939,0.00818544349386968,0.03358910627308537,0.015314816557896092,0.00203243865097908,0.007790716142066082,0.007968815163710213,0.04048660034130578,0.06881944272277664,0.008864585049108517,0.07891895796290647,0.027838020634283443
1.8924976237258344,-1.1588205786449079E-16,0.6468751646432602,0.004420337484318894,0.004909807507349,0.009456627750075244,0.01636867932687425,0.0045493761261604015,0.008568206241076836,0.03674547071143785,0.016154476625818436,0.0022156398842171268,0.008647921062148381,0.006123208307732408,0.03158932680305178,0.08470597334383424,0.01644970671373111,0.05122190315622365,0.02969119127733119
1.9082785487509193,-1.168483608304685E-16,0.5987259116406043,0.004518566645772625,0.004875252775109302,0.008760914271850277,0.01489702698266899,0.0038088376299773717,0.008581235536476634,0.038896048876440374,0.017135032768801663,0.002664374481543183,0.009532035729579325,0.004879685877354435,0.024042231718266343,0.09211046525185947,0.023601993673479954,0.029270608199808184,0.024558547825227248
1.9993573814767682,-1.224253308788579E-16,0.05066534775809063,0.009267061568536442,0.01030198158977449,0.01537407338035212,0.025302480422696647,0.0016558088038253465,0.009112603006905515,0.026355388623472916,0.009176825910300895,0.0031867640107904865,0.0038202608447909375,0.0011329504125270867,6.689049245878055E-4,0.005396197779716848,0.004815569524736854,0.007919379228521501,0.007630317008398243
2,0,0,0.010418068869328603,0.01174870966230964,0.017854925488873623,0.03088571311952688,0.0018580403558917634,0.011635117973860324,0.03536816624801366,0.01303042102145037,0.005099533623663546,0.006281687907574469,0.002228295344990073,0.001830770356454983,0.010497533470097528,0.008584987733095642,0.0098272091231636,0.025995174358944884
1.9228329918931761,-1.1773956344084536E-16,0.5501918135142683,0.004662646545953466,0.004924646071703579,0.008273790951617664,0.013716208945499037,0.0031106318383613417,0.008219769239228448,0.03945053009069736,0.017900866443348568,0.0033682550455865303,0.009650471470421073,0.0037707739417095756,0.01871522684686928,0.08501766643019128,0.03481001874069041,0.01839730052133288,0.011116962277753252
1.9361524020819236,-1.1855514209355437E-16,0.5013043646841634,0.004851876619219177,0.005057048391698874,0.008003086857524074,0.012871277998200393,0.002480669779522749,0.0075392310477311614,0.038078784199627215,0.018084112294617368,0.004217354389807679,0.00881011218857594,0.002781470648959814,0.014213688446652075,0.0824605814463863,0.042856808598369246,0.009251630002893398,0.006127270067702754
1.948229620066943,-1.192946584109523E-16,0.45209528371650604,0.005085516861676684,0.0052704113872334025,0.007951373298894716,0.012401550847529346,0.0019439846845416668,0.006652612445918004,0.03482702322888005,0.017410726819233377,0.004989376889249979,0.007731145847323228,0.00213575126709866,0.009515393617256751,0.0834500941620916,0.042376133486874926,0.008899727774758705,0.01544588232560427
1.9590574936467073,-1.1995767444700385E-16,0.4025962830090816,0.005363523844420741,0.005562677162633776,0.008116720106627392,0.012339140967920378,0.0015213761232235248,0.005718026867323532,0.030153471242773944,0.015797144424109226,0.005414768498562145,0.007466380377723674,0.0019708758241205925,0.00551221991691666,0.07162900998719493,0.0425436041030464,0.010301745437426077,0.025393959658078814
1.997431100532061,-1.2230738018919817E-16,0.10129814773207986,0.008336696266320654,0.009154852471219586,0.013461578737772331,0.021465141837024887,0.0014304956056530656,0.00726261344213558,0.02041594402118198,0.0069345210401118304,0.002261743550692697,0.0030755725896154645,0.0010934068630780998,4.359957641008498E-4,0.014231329618783968,0.014554210951050119,0.017553777649998957,0.010616826615919641
1.9686288706196915,-1.2054375225567373E-16,0.35283907495967376,0.0056874013831566105,0.005932260423168558,0.008493257491018627,0.012706703252807532,0.0012261691007729666,0.0049162626202726946,0.02486891468526366,0.013408379362282393,0.0052981708471697385,0.008331125379250024,0.0022875039033568526,0.0029870100435171972,0.05947439511943293,0.03560340384283964,0.01052354148476013,0.019400069235318933
1.9942235191033582,-1.221109724727149E-16,0.15186597542832653,0.007598295088498177,0.008256694551685626,0.011995642493790606,0.0186670880873268,0.0012331395771139806,0.005830009560152463,0.016615869853717987,0.005955995321467986,0.002101444563139931,0.004514043080889868,0.0018664470727189212,4.6505041448951953E-4,0.02135028632827124,0.021455591422818,0.014829289864998593,0.010621456155510443
1.9769365987843668,-1.2105245389092652E-16,0.30285537196606954,0.006061256391043572,0.006379114352401424,0.009072683220979455,0.01351666388365649,0.0010619563883761942,0.00442200213316619,0.019990055628022835,0.01065503107775205,0.004630260849043919,0.009388190578824295,0.002881232259576166,0.0015373099152661898,0.05230603162002913,0.03144719588638883,0.012315619984942164,0.009145008388558008
1.9897369991281404,-1.2183625235636685E-16,0.2023364063531889,0.006997292470537444,0.007524222522681334,0.010814853324011978,0.016481217514833498,0.0010872277331017987,0.004843734954160345,0.015283504777698118,0.006399419672064056,0.002647535969187765,0.0071827298756930264,0.002830097959479781,4.6711719789986877E-4,0.022654152549025044,0.026568666147772146,0.017568403264060613,0.011184804577082527
1.9839739025438865,-1.2148336446711271E-16,0.2526770160130238,0.006493196518935343,0.006906496562652664,0.009847170654341193,0.014773749583307596,0.0010215379369275539,0.004373135760031026,0.016532535020035932,0.008116939653282213,0.0036231232410673356,0.009181703631534149,0.0032253003596425674,7.39037823242391E-4,0.035940085200044665,0.033725908502237466,0.01127190276097949,0.00908430357154511
